id,domain,issue_type,image_path,text_description,location_type,severity,urgency,language,pair_difficulty,confidence_label
00001,Education,Damaged school building,data/raw/images/education/damaged_school_building/damaged_school_building_000.jpg,हमारे गाँव के नज़दीक एक गंभीर समस्या है जिसकी वजह Damaged school building है।,Rural,Low,Low,Hindi,both_clear,high
00002,Education,Damaged school building,data/raw/images/education/damaged_school_building/damaged_school_building_001.jpg,"स्कूल के पीछे की स्थिति बहुत खराब है, यह damaged school building से जुड़ी समस्या है।",Urban,Low,Low,Hindi,both_clear,high
00003,Education,Damaged school building,data/raw/images/education/damaged_school_building/damaged_school_building_002.jpg,We have noticed the school building near the colony gate has cracks and looks unsafe. No one has come to check yet. Children and elderly people use this path daily.,Semi-Urban,Medium,Medium,English,complementary,high
00004,Education,Damaged school building,data/raw/images/education/damaged_school_building/damaged_school_building_003.jpg,"Hamare area mein damaged school building ki dikkat hai, gaon ke nazdeek.",Rural,High,High,Hinglish,both_clear,high
00005,Education,Damaged school building,data/raw/images/education/damaged_school_building/damaged_school_building_004.jpg,"Yeh damaged school building wali problem panchayat office ke saamne kal raat se se hai, koi dekhne nahi aaya abhi tak.",Rural,Low,Low,Hinglish,clear_text_unclear_image,medium
00006,Education,Damaged school building,data/raw/images/education/damaged_school_building/damaged_school_building_005.jpg,"Yeh damaged school building wali problem gaon ke nazdeek do hafte se se hai, koi dekhne nahi aaya abhi tak.",Rural,Medium,High,Hinglish,both_clear,high
00007,Education,Damaged school building,data/raw/images/education/damaged_school_building/damaged_school_building_006.jpg,We have noticed the school wall is damaged and children are at risk. Please take action soon. Please fix it soon.,Rural,Low,Medium,English,both_clear,high
00008,Education,Damaged school building,data/raw/images/education/damaged_school_building/damaged_school_building_007.jpg,Not sure who to contact but this needs attention.,Rural,Medium,Medium,English,vague_text_clear_image,medium
00009,Education,Damaged school building,data/raw/images/education/damaged_school_building/damaged_school_building_008.jpg,"There is some problem here, please check when possible.",Semi-Urban,Medium,Medium,English,vague_text_clear_image,medium
00010,Education,Damaged school building,data/raw/images/education/damaged_school_building/damaged_school_building_009.jpg,"Something is wrong in our area, someone should look into it.",Urban,High,High,English,vague_text_clear_image,medium
00011,Education,Damaged school building,data/raw/images/education/damaged_school_building/damaged_school_building_010.jpg,There's part of the school building has collapsed beside the main road. This needs to be fixed urgently.,Semi-Urban,Medium,Medium,English,both_clear,high
00012,Education,Damaged school building,data/raw/images/education/damaged_school_building/damaged_school_building_011.jpg,There's the school wall is damaged and children are at risk. Many families in the area are affected by this. We request the concerned department to inspect and resolve this at the earliest.,Rural,Medium,Low,English,both_clear,high
00014,Education,Damaged school building,data/raw/images/education/damaged_school_building/damaged_school_building_013.jpg,"हमें पंचायत भवन के सामने damaged school building की दिक्कत हो रही है, कई दिनों से यह समस्या बनी हुई है।",Urban,Medium,Medium,Hindi,complementary,high
00015,Education,Damaged school building,data/raw/images/education/damaged_school_building/damaged_school_building_014.jpg,There is part of the school building has collapsed near the colony gate. It's affecting a lot of families nearby.,Urban,Medium,Medium,English,complementary,high
00016,Education,Broken classroom furniture,data/raw/images/education/broken_classroom_furniture/broken_classroom_furniture_000.jpg,There's children have to sit on the floor as furniture is broken. Please fix it soon. It's affecting a lot of families nearby.,Rural,Medium,High,English,complementary,high
00017,Education,Broken classroom furniture,data/raw/images/education/broken_classroom_furniture/broken_classroom_furniture_001.jpg,"Sir/Madam, bus stop ke paas broken classroom furniture ho raha h, jaldi solve kijiye plz.",Rural,Medium,Low,Hinglish,both_clear,high
00018,Education,Broken classroom furniture,data/raw/images/education/broken_classroom_furniture/broken_classroom_furniture_002.jpg,Just reporting that there is the classroom chairs are broken since since last night. Nobody from the authorities has visited yet.,Urban,Low,Medium,English,both_clear,high
00019,Education,Broken classroom furniture,data/raw/images/education/broken_classroom_furniture/broken_classroom_furniture_003.jpg,"Kindly note that there is children have to sit on the floor as furniture is broken. This is causing a lot of trouble to residents, especially elderly people and children. We have complained before but no action has been taken.",Urban,Low,Low,English,clear_text_unclear_image,medium
00020,Education,Broken classroom furniture,data/raw/images/education/broken_classroom_furniture/broken_classroom_furniture_004.jpg,Kindly note that there is most of the desks and benches in the classroom are broken.,Rural,High,High,English,both_clear,high
00021,Education,Broken classroom furniture,data/raw/images/education/broken_classroom_furniture/broken_classroom_furniture_005.jpg,"Hamare area mein broken classroom furniture ki dikkat hai, colony gate ke paas.",Urban,Low,Low,Hinglish,both_clear,high
00022,Education,Broken classroom furniture,data/raw/images/education/broken_classroom_furniture/broken_classroom_furniture_006.jpg,"Sir/Madam, there is the classroom chairs are broken since for over a week. This is causing a lot of trouble to residents.",Semi-Urban,Medium,Medium,English,both_clear,high
00023,Education,Broken classroom furniture,data/raw/images/education/broken_classroom_furniture/broken_classroom_furniture_007.jpg,Kindly note that there is children have to sit on the floor as furniture is broken. It's affecting a lot of families nearby.,Urban,Medium,High,English,complementary,high
00024,Education,Broken classroom furniture,data/raw/images/education/broken_classroom_furniture/broken_classroom_furniture_008.jpg,Kindly send someone to check this place.,Rural,Medium,Medium,English,vague_text_clear_image,medium
00025,Education,Broken classroom furniture,data/raw/images/education/broken_classroom_furniture/broken_classroom_furniture_009.jpg,"Sir/Madam, panchayat office ke saamne broken classroom furniture ho raha hai, jaldi solve kijiye plz.",Rural,Medium,Medium,Hinglish,complementary,high
00026,Education,Broken classroom furniture,data/raw/images/education/broken_classroom_furniture/broken_classroom_furniture_010.jpg,I want to report most of the desks and benches in the classroom are broken. Nobody from the authorities has visited yet. No one has come to check yet.,Urban,Medium,Low,English,both_clear,high
00027,Education,Broken classroom furniture,data/raw/images/education/broken_classroom_furniture/broken_classroom_furniture_011.jpg,I want to report most of the desks and benches in the classroom are broken.,Rural,High,Medium,English,both_clear,high
00029,Education,Broken classroom furniture,data/raw/images/education/broken_classroom_furniture/broken_classroom_furniture_013.jpg,I want to report the classroom chairs are broken since for over a week. Nobody from the authorities has visited yet.,Rural,Medium,High,English,clear_text_unclear_image,medium
00030,Education,Broken classroom furniture,data/raw/images/education/broken_classroom_furniture/broken_classroom_furniture_014.jpg,There is the classroom chairs are broken since for several days. Many families in the area are affected by this. We have complained before but no action has been taken.,Rural,Medium,High,English,both_clear,high
00031,Education,Lack of classroom facilities,data/raw/images/education/lack_of_classroom_facilities/lack_of_classroom_facilities_000.jpg,"Sir/Madam, gaon ke nazdeek lack of classroom facilities ho raha hai, jaldi solve kijiye plz.",Urban,Medium,High,Hinglish,both_clear,high
00032,Education,Lack of classroom facilities,data/raw/images/education/lack_of_classroom_facilities/lack_of_classroom_facilities_001.jpg,"Sir/Madam, bus stop ke paas lack of classroom facilities ho raha hai, jaldi solve kijiye plz.",Urban,High,High,Hinglish,both_clear,high
00033,Education,Lack of classroom facilities,data/raw/images/education/lack_of_classroom_facilities/lack_of_classroom_facilities_002.jpg,We are facing an issue of lack of classroom facilities beside the main road since last night.,Rural,Low,Low,English,both_clear,high
00034,Education,Lack of classroom facilities,data/raw/images/education/lack_of_classroom_facilities/lack_of_classroom_facilities_003.jpg,Not sure who to contact but this needs attention.,Semi-Urban,High,High,Hinglish,vague_text_clear_image,medium
00035,Education,Lack of classroom facilities,data/raw/images/education/lack_of_classroom_facilities/lack_of_classroom_facilities_004.jpg,We are facing an issue of lack of classroom facilities near the colony gate for the past three days. Nobody from the authorities has visited yet.,Rural,High,High,English,both_clear,high
00037,Education,Lack of classroom facilities,data/raw/images/education/lack_of_classroom_facilities/lack_of_classroom_facilities_006.jpg,"हमें बस स्टॉप के पास lack of classroom facilities की दिक्कत हो रही है, कई दिनों से यह समस्या बनी हुई है।",Semi-Urban,High,High,Hindi,both_clear,high
00038,Education,Lack of classroom facilities,data/raw/images/education/lack_of_classroom_facilities/lack_of_classroom_facilities_007.jpg,"कॉलोनी के गेट के पास की स्थिति बहुत खराब है, यह lack of classroom facilities से जुड़ी समस्या है।",Urban,Low,Medium,Hindi,both_clear,high
00039,Education,Lack of classroom facilities,data/raw/images/education/lack_of_classroom_facilities/lack_of_classroom_facilities_008.jpg,There is a problem related to lack of classroom facilities behind the school. Nobody from the authorities has visited yet.,Urban,Low,Low,English,clear_text_unclear_image,medium
00040,Education,Lack of classroom facilities,data/raw/images/education/lack_of_classroom_facilities/lack_of_classroom_facilities_009.jpg,"Hamare area mein lack of classroom facilities ki dikkat hai, gaon ke nazdeek.",Rural,Medium,High,Hinglish,both_clear,high
00041,Education,Lack of classroom facilities,data/raw/images/education/lack_of_classroom_facilities/lack_of_classroom_facilities_010.jpg,Lack of classroom facilities has been a problem next to the bus stop for the past three days. This needs to be fixed urgently. No one has come to check yet.,Rural,Low,Medium,English,both_clear,high
00042,Education,Lack of classroom facilities,data/raw/images/education/lack_of_classroom_facilities/lack_of_classroom_facilities_011.jpg,"Something is wrong in our area, someone should look into it.",Semi-Urban,Low,Medium,Hindi,vague_text_clear_image,medium
00044,Education,Lack of classroom facilities,data/raw/images/education/lack_of_classroom_facilities/lack_of_classroom_facilities_013.jpg,"हमें मुख्य सड़क के किनारे lack of classroom facilities की दिक्कत हो रही है, कई दिनों से यह समस्या बनी हुई है।",Semi-Urban,Low,Medium,Hindi,both_clear,high
00045,Education,Lack of classroom facilities,data/raw/images/education/lack_of_classroom_facilities/lack_of_classroom_facilities_014.jpg,Lack of classroom facilities has been a problem near the railway station road since yesterday.,Urban,Medium,Medium,English,clear_text_unclear_image,medium
00046,Education,Poor school sanitation,data/raw/images/education/poor_school_sanitation/poor_school_sanitation_000.jpg,"colony gate ke paas poor school sanitation ki problem hai ek hafte se, please jaldi fix karo.",Urban,Medium,Medium,Hinglish,both_clear,high
00047,Education,Poor school sanitation,data/raw/images/education/poor_school_sanitation/poor_school_sanitation_001.jpg,We are facing an issue of poor school sanitation beside the main road for several days. This is right next to the school.,Urban,High,High,English,complementary,high
00048,Education,Poor school sanitation,data/raw/images/education/poor_school_sanitation/poor_school_sanitation_002.jpg,This has been an issue for a while now.,Urban,Medium,High,English,vague_text_clear_image,medium
00049,Education,Poor school sanitation,data/raw/images/education/poor_school_sanitation/poor_school_sanitation_003.jpg,"Something is wrong in our area, someone should look into it.",Rural,Medium,Medium,Hinglish,vague_text_clear_image,medium
00050,Education,Poor school sanitation,data/raw/images/education/poor_school_sanitation/poor_school_sanitation_004.jpg,"Hamare area mein poor school sanitation ki dikkat hai, gaon ke nazdeek.",Rural,Medium,Medium,Hinglish,clear_text_unclear_image,medium
00051,Education,Poor school sanitation,data/raw/images/education/poor_school_sanitation/poor_school_sanitation_005.jpg,"school ke peeche poor school sanitation ki problem hai pichhle teen din se, please jaldi fix karo.",Semi-Urban,Low,Low,Hinglish,complementary,high
00052,Education,Poor school sanitation,data/raw/images/education/poor_school_sanitation/poor_school_sanitation_006.jpg,We are facing an issue of poor school sanitation in front of the panchayat office for two weeks now. Many families in the area are affected by this. We request the concerned department to inspect and resolve this at the earliest.,Urban,High,High,English,both_clear,high
00053,Education,Poor school sanitation,data/raw/images/education/poor_school_sanitation/poor_school_sanitation_007.jpg,"Hamare area mein poor school sanitation ki dikkat hai, main road ke kinare.",Semi-Urban,Medium,Medium,Hinglish,both_clear,high
00054,Education,Poor school sanitation,data/raw/images/education/poor_school_sanitation/poor_school_sanitation_008.jpg,"स्कूल के पीछे poor school sanitation की समस्या है, कृपया जल्द ठीक करें।",Rural,Low,Low,Hindi,both_clear,high
00055,Education,Poor school sanitation,data/raw/images/education/poor_school_sanitation/poor_school_sanitation_009.jpg,"Sir/Madam, bus stop ke paas poor school sanitation ho raha hai, jaldi solve kijiye plz.",Urban,High,High,Hinglish,clear_text_unclear_image,medium
00056,Education,Poor school sanitation,data/raw/images/education/poor_school_sanitation/poor_school_sanitation_010.jpg,"मुख्य सड़क के किनारे की स्थिति बहुत खराब है, यह poor school sanitation से जुड़ी समस्या है।",Semi-Urban,Medium,High,Hindi,both_clear,high
00057,Education,Poor school sanitation,data/raw/images/education/poor_school_sanitation/poor_school_sanitation_011.jpg,Citizens are facing trouble due to poor school sanitation near the market. Children and elderly people use this path daily.,Semi-Urban,High,Medium,English,complementary,high
00058,Education,Poor school sanitation,data/raw/images/education/poor_school_sanitation/poor_school_sanitation_012.jpg,Poor school sanitation has been a problem next to the bus stop for several days.,Urban,Low,Low,English,both_clear,high
00059,Education,Poor school sanitation,data/raw/images/education/poor_school_sanitation/poor_school_sanitation_013.jpg,"bazaar ke paas poor school sanitation ki problem hai pichhle teen din se, please jaldi fix karo.",Urban,Medium,High,Hinglish,complementary,high
00060,Education,Poor school sanitation,data/raw/images/education/poor_school_sanitation/poor_school_sanitation_014.jpg,We are facing an issue of poor school sanitation at the crossing since yesterday. Please fix it soon.,Rural,Low,Low,English,both_clear,high
00061,Education,Damaged school roof,data/raw/images/education/damaged_school_roof/damaged_school_roof_000.jpg,"मुख्य सड़क के किनारे की स्थिति बहुत खराब है, यह damaged school roof से जुड़ी समस्या है।",Urban,Low,Medium,Hindi,both_clear,high
00062,Education,Damaged school roof,data/raw/images/education/damaged_school_roof/damaged_school_roof_001.jpg,This has been an issue for a while now.,Semi-Urban,Low,Low,English,vague_text_clear_image,medium
00063,Education,Damaged school roof,data/raw/images/education/damaged_school_roof/damaged_school_roof_002.jpg,Citizens are facing trouble due to damaged school roof close to our village. Please take action soon.,Rural,Medium,High,English,both_clear,high
00064,Education,Damaged school roof,data/raw/images/education/damaged_school_roof/damaged_school_roof_003.jpg,Citizens are facing trouble due to damaged school roof near the market. Children and elderly people use this path daily.,Urban,High,High,English,complementary,high
00065,Education,Damaged school roof,data/raw/images/education/damaged_school_roof/damaged_school_roof_004.jpg,"हमें हमारे गाँव के नज़दीक damaged school roof की दिक्कत हो रही है, कई दिनों से यह समस्या बनी हुई है।",Urban,Low,Low,Hindi,both_clear,high
00066,Education,Damaged school roof,data/raw/images/education/damaged_school_roof/damaged_school_roof_005.jpg,"बस स्टॉप के पास damaged school roof की समस्या है, कृपया जल्द ठीक करें।",Rural,Low,Medium,Hindi,complementary,high
00067,Education,Damaged school roof,data/raw/images/education/damaged_school_roof/damaged_school_roof_006.jpg,"Something is wrong in our area, someone should look into it.",Semi-Urban,Low,Low,Hindi,vague_text_clear_image,medium
00068,Education,Damaged school roof,data/raw/images/education/damaged_school_roof/damaged_school_roof_007.jpg,Not sure who to contact but this needs attention.,Urban,Low,Low,English,vague_text_clear_image,medium
00069,Education,Damaged school roof,data/raw/images/education/damaged_school_roof/damaged_school_roof_008.jpg,"Hamare area mein damaged school roof ki dikkat hai, main road ke kinare.",Rural,Medium,Medium,Hinglish,clear_text_unclear_image,medium
00070,Education,Damaged school roof,data/raw/images/education/damaged_school_roof/damaged_school_roof_009.jpg,"Sir/Madam, bus stop ke paas damaged school roof ho raha hai, jaldi solve kijiye plz.",Urban,High,High,Hinglish,both_clear,high
00071,Education,Damaged school roof,data/raw/images/education/damaged_school_roof/damaged_school_roof_010.jpg,Citizens are facing trouble due to damaged school roof near the railway station road.,Rural,High,High,English,clear_text_unclear_image,medium
00072,Education,Damaged school roof,data/raw/images/education/damaged_school_roof/damaged_school_roof_011.jpg,We are facing an issue of damaged school roof at the crossing for the past three days. This needs to be fixed urgently.,Semi-Urban,High,Medium,English,both_clear,high
00073,Education,Damaged school roof,data/raw/images/education/damaged_school_roof/damaged_school_roof_012.jpg,"Yeh damaged school roof wali problem colony gate ke paas kal se se hai, koi dekhne nahi aaya abhi tak.",Rural,High,High,Hinglish,both_clear,high
00075,Education,Damaged school roof,data/raw/images/education/damaged_school_roof/damaged_school_roof_014.jpg,Citizens are facing trouble due to damaged school roof near the colony gate. This is causing a lot of trouble to residents. Plz look into this asap.,Rural,High,High,English,both_clear,high
00076,Education,Lack of electricity in school,data/raw/images/education/lack_of_electricity_in_school/lack_of_electricity_in_school_000.jpg,Citizens are facing trouble due to lack of electricity in school outside our house. This is causing a lot of trouble to residents.,Urban,Low,Low,English,both_clear,high
00077,Education,Lack of electricity in school,data/raw/images/education/lack_of_electricity_in_school/lack_of_electricity_in_school_001.jpg,"Hamare area mein lack of electricity in school ki dikkat hai, hamari gali ke paas.",Semi-Urban,Medium,Medium,Hinglish,both_clear,high
00078,Education,Lack of electricity in school,data/raw/images/education/lack_of_electricity_in_school/lack_of_electricity_in_school_002.jpg,मुख्य सड़क के किनारे एक गंभीर समस्या है जिसकी वजह Lack of electricity in school है।,Semi-Urban,Medium,Low,Hindi,both_clear,high
00080,Education,Lack of electricity in school,data/raw/images/education/lack_of_electricity_in_school/lack_of_electricity_in_school_004.jpg,Kindly send someone to check this place.,Urban,Medium,Medium,Hindi,vague_text_clear_image,medium
00081,Education,Lack of electricity in school,data/raw/images/education/lack_of_electricity_in_school/lack_of_electricity_in_school_005.jpg,"Lack of electricity in school has been a problem near the railway station road for two weeks now. This is causing a lot of trouble to residents, especially elderly people and children. It would be great if someone could visit and check the situation.",Semi-Urban,Low,Medium,English,clear_text_unclear_image,medium
00082,Education,Lack of electricity in school,data/raw/images/education/lack_of_electricity_in_school/lack_of_electricity_in_school_006.jpg,"Sir/Madam, panchayat office ke saamne lack of electricity in school ho raha h, jaldi solve kijiye plz.",Urban,Low,Low,Hinglish,both_clear,high
00083,Education,Lack of electricity in school,data/raw/images/education/lack_of_electricity_in_school/lack_of_electricity_in_school_007.jpg,"main road ke kinare lack of electricity in school ki problem hai pichhle teen din se, please jaldi fix karo.",Semi-Urban,Medium,Medium,Hinglish,both_clear,high
00084,Education,Lack of electricity in school,data/raw/images/education/lack_of_electricity_in_school/lack_of_electricity_in_school_008.jpg,There is a problem related to lack of electricity in school near the colony gate. Please take action soon.,Rural,Low,Low,English,both_clear,high
00085,Education,Lack of electricity in school,data/raw/images/education/lack_of_electricity_in_school/lack_of_electricity_in_school_009.jpg,"hamari gali ke paas lack of electricity in school ki problem hai ek mahine se, please jaldi fix karo.",Rural,High,Medium,Hinglish,both_clear,high
00086,Education,Lack of electricity in school,data/raw/images/education/lack_of_electricity_in_school/lack_of_electricity_in_school_010.jpg,There is a problem related to lack of electricity in school near the railway station road. Children and elderly people use this path daily.,Rural,High,High,English,complementary,high
00087,Education,Lack of electricity in school,data/raw/images/education/lack_of_electricity_in_school/lack_of_electricity_in_school_011.jpg,हमारे गाँव के नज़दीक एक गंभीर समस्या है जिसकी वजह Lack of electricity in school है।,Urban,High,High,Hindi,complementary,high
00088,Education,Lack of electricity in school,data/raw/images/education/lack_of_electricity_in_school/lack_of_electricity_in_school_012.jpg,"हमें पंचायत भवन के सामने lack of electricity in school की दिक्कत हो रही है, कई दिनों से यह समस्या बनी हुई है।",Semi-Urban,Medium,Medium,Hindi,both_clear,high
00089,Education,Lack of electricity in school,data/raw/images/education/lack_of_electricity_in_school/lack_of_electricity_in_school_013.jpg,There is a problem related to lack of electricity in school beside the main road. This needs to be fixed urgently.,Semi-Urban,Medium,Medium,English,both_clear,high
00090,Education,Lack of electricity in school,data/raw/images/education/lack_of_electricity_in_school/lack_of_electricity_in_school_014.jpg,There is a problem related to lack of electricity in school next to the bus stop. Please take action soon.,Semi-Urban,Medium,Medium,English,clear_text_unclear_image,medium
00091,Education,Unsafe school surroundings,data/raw/images/education/unsafe_school_surroundings/unsafe_school_surroundings_000.jpg,"Yeh unsafe school surroundings wali problem colony gate ke paas do hafte se se hai, koi dekhne nahi aaya abhi tak.",Rural,Low,Low,Hinglish,both_clear,high
00092,Education,Unsafe school surroundings,data/raw/images/education/unsafe_school_surroundings/unsafe_school_surroundings_001.jpg,There is a problem related to unsafe school surroundings near the railway station road. This is causing a lot of trouble to residents.,Rural,Low,Medium,English,both_clear,high
00093,Education,Unsafe school surroundings,data/raw/images/education/unsafe_school_surroundings/unsafe_school_surroundings_002.jpg,This has been an issue for a while now.,Urban,Medium,Medium,Hindi,vague_text_clear_image,medium
00094,Education,Unsafe school surroundings,data/raw/images/education/unsafe_school_surroundings/unsafe_school_surroundings_003.jpg,मुख्य सड़क के किनारे एक गंभीर समस्या है जिसकी वजह Unsafe school surroundings है।,Semi-Urban,Low,Medium,Hindi,complementary,high
00095,Education,Unsafe school surroundings,data/raw/images/education/unsafe_school_surroundings/unsafe_school_surroundings_004.jpg,There is a problem related to unsafe school surroundings at the crossing.,Urban,Low,Low,English,clear_text_unclear_image,medium
00096,Education,Unsafe school surroundings,data/raw/images/education/unsafe_school_surroundings/unsafe_school_surroundings_005.jpg,"Hamare area mein unsafe school surroundings ki dikkat hai, bus stop ke paas.",Rural,Medium,High,Hinglish,clear_text_unclear_image,medium
00097,Education,Unsafe school surroundings,data/raw/images/education/unsafe_school_surroundings/unsafe_school_surroundings_006.jpg,"Yeh unsafe school surroundings wali problem main road ke kinare pichhle teen din se se hai, koi dekhne nahi aaya abhi tak.",Rural,Low,Low,Hinglish,both_clear,high
00098,Education,Unsafe school surroundings,data/raw/images/education/unsafe_school_surroundings/unsafe_school_surroundings_007.jpg,"Citizens are facing trouble due to unsafe school surroundings near the market. Also, this has gotten worse since last week.",Rural,Low,Low,English,complementary,high
00099,Education,Unsafe school surroundings,data/raw/images/education/unsafe_school_surroundings/unsafe_school_surroundings_008.jpg,Unsafe school surroundings has been a problem near our street for almost a month.,Rural,Low,Low,English,both_clear,high
00100,Education,Unsafe school surroundings,data/raw/images/education/unsafe_school_surroundings/unsafe_school_surroundings_009.jpg,"There is some problem here, please check when possible.",Rural,Medium,High,English,vague_text_clear_image,medium
00101,Education,Unsafe school surroundings,data/raw/images/education/unsafe_school_surroundings/unsafe_school_surroundings_010.jpg,We are facing an issue of unsafe school surroundings near the market since yesterday. Please take action soon.,Urban,High,High,English,both_clear,high
00102,Education,Unsafe school surroundings,data/raw/images/education/unsafe_school_surroundings/unsafe_school_surroundings_011.jpg,We are facing an issue of unsafe school surroundings beside the main road for over a week. Please take action soon.,Semi-Urban,Low,Low,English,both_clear,high
00103,Education,Unsafe school surroundings,data/raw/images/education/unsafe_school_surroundings/unsafe_school_surroundings_012.jpg,We are facing an issue of unsafe school surroundings near our street since yesterday. Nobody from the authorities has visited yet. No one has come to check yet.,Semi-Urban,Medium,High,English,both_clear,high
00104,Education,Unsafe school surroundings,data/raw/images/education/unsafe_school_surroundings/unsafe_school_surroundings_013.jpg,Unsafe school surroundings has been a problem near the colony gate for several days. This needs to be fixed urgently.,Rural,Low,Medium,English,both_clear,high
00105,Education,Unsafe school surroundings,data/raw/images/education/unsafe_school_surroundings/unsafe_school_surroundings_014.jpg,"बस स्टॉप के पास की स्थिति बहुत खराब है, यह unsafe school surroundings से जुड़ी समस्या है।",Semi-Urban,Low,Low,Hindi,clear_text_unclear_image,medium
00106,Education,Missing educational infrastructure,data/raw/images/education/missing_educational_infrastructure/missing_educational_infrastructure_000.jpg,We are facing an issue of missing educational infrastructure behind the school for almost a month. Please take action soon.,Rural,Medium,Low,English,both_clear,high
00107,Education,Missing educational infrastructure,data/raw/images/education/missing_educational_infrastructure/missing_educational_infrastructure_001.jpg,"There is some problem here, please check when possible.",Semi-Urban,High,High,English,vague_text_clear_image,medium
00108,Education,Missing educational infrastructure,data/raw/images/education/missing_educational_infrastructure/missing_educational_infrastructure_002.jpg,We are facing an issue of missing educational infrastructure near our street for two weeks now. Nobody from the authorities has visited yet. Plz look into this asap.,Rural,Low,Low,English,both_clear,high
00109,Education,Missing educational infrastructure,data/raw/images/education/missing_educational_infrastructure/missing_educational_infrastructure_003.jpg,Citizens are facing trouble due to missing educational infrastructure near the market. This is causing a lot of trouble to residents.,Urban,Low,Low,English,both_clear,high
00110,Education,Missing educational infrastructure,data/raw/images/education/missing_educational_infrastructure/missing_educational_infrastructure_004.jpg,Citizens are facing trouble due to missing educational infrastructure beside the main road. Children and elderly people use this path daily.,Rural,High,High,English,complementary,high
00111,Education,Missing educational infrastructure,data/raw/images/education/missing_educational_infrastructure/missing_educational_infrastructure_005.jpg,"Sir/Madam, panchayat office ke saamne missing educational infrastructure ho raha hai, jaldi solve kijiye plz.",Semi-Urban,Medium,High,Hinglish,complementary,high
00112,Education,Missing educational infrastructure,data/raw/images/education/missing_educational_infrastructure/missing_educational_infrastructure_006.jpg,Not sure who to contact but this needs attention.,Semi-Urban,Low,Medium,English,vague_text_clear_image,medium
00113,Education,Missing educational infrastructure,data/raw/images/education/missing_educational_infrastructure/missing_educational_infrastructure_007.jpg,Kindly send someone to check this place.,Rural,High,High,Hindi,vague_text_clear_image,medium
00114,Education,Missing educational infrastructure,data/raw/images/education/missing_educational_infrastructure/missing_educational_infrastructure_008.jpg,Missing educational infrastructure has been a problem close to our village for the past three days. Many families in the area are affected by this. It would be great if someone could visit and check the situation.,Urban,Medium,Low,English,both_clear,high
00115,Education,Missing educational infrastructure,data/raw/images/education/missing_educational_infrastructure/missing_educational_infrastructure_009.jpg,Citizens are facing trouble due to missing educational infrastructure at the crossing. Nobody from the authorities has visited yet.,Semi-Urban,High,High,English,both_clear,high
00116,Education,Missing educational infrastructure,data/raw/images/education/missing_educational_infrastructure/missing_educational_infrastructure_010.jpg,"हमें हमारे गाँव के नज़दीक missing educational infrastructure की दिक्कत हो रही है, कई दिनों से यह समस्या बनी हुई है।",Urban,Low,Low,Hindi,both_clear,high
00118,Education,Missing educational infrastructure,data/raw/images/education/missing_educational_infrastructure/missing_educational_infrastructure_012.jpg,"Hamare area mein missing educational infrastructure ki dikkat hai, main road ke kinare.",Semi-Urban,Medium,Low,Hinglish,both_clear,high
00119,Education,Missing educational infrastructure,data/raw/images/education/missing_educational_infrastructure/missing_educational_infrastructure_013.jpg,"bus stop ke paas missing educational infrastructure ki problem hai pichhle teen din se, please jaldi fix karo.",Semi-Urban,Medium,Medium,Hinglish,both_clear,high
00120,Education,Missing educational infrastructure,data/raw/images/education/missing_educational_infrastructure/missing_educational_infrastructure_014.jpg,Missing educational infrastructure has been a problem near the railway station road for over a week. Please take action soon.,Rural,High,High,English,both_clear,high
00121,Healthcare,Damaged health centre,data/raw/images/healthcare/damaged_health_centre/damaged_health_centre_000.jpg,"मुख्य सड़क के किनारे damaged health centre की समस्या है, कृपया जल्द ठीक करें।",Rural,High,High,Hindi,clear_text_unclear_image,medium
00122,Healthcare,Damaged health centre,data/raw/images/healthcare/damaged_health_centre/damaged_health_centre_001.jpg,"bazaar ke paas damaged health centre ki problem hai kal se, please jaldi fix karo.",Semi-Urban,Medium,High,Hinglish,both_clear,high
00123,Healthcare,Damaged health centre,data/raw/images/healthcare/damaged_health_centre/damaged_health_centre_002.jpg,"Something is wrong in our area, someone should look into it.",Urban,Medium,Medium,Hinglish,vague_text_clear_image,medium
00124,Healthcare,Damaged health centre,data/raw/images/healthcare/damaged_health_centre/damaged_health_centre_003.jpg,"कॉलोनी के गेट के पास damaged health centre की समस्या है, कृपया जल्द ठीक करें।",Urban,Low,Low,Hindi,complementary,high
00125,Healthcare,Damaged health centre,data/raw/images/healthcare/damaged_health_centre/damaged_health_centre_004.jpg,"Hamare area mein damaged health centre ki dikkat h, panchayat office ke saamne.",Semi-Urban,Medium,High,Hinglish,both_clear,high
00126,Healthcare,Damaged health centre,data/raw/images/healthcare/damaged_health_centre/damaged_health_centre_005.jpg,स्कूल के पीछे एक गंभीर समस्या है जिसकी वजह Damaged health centre है।,Semi-Urban,Low,Low,Hindi,both_clear,high
00127,Healthcare,Damaged health centre,data/raw/images/healthcare/damaged_health_centre/damaged_health_centre_006.jpg,"There is the primary health centre in front of the panchayat office has a damaged roof. Also, this has gotten worse since last week.",Rural,Medium,Medium,English,complementary,high
00128,Healthcare,Damaged health centre,data/raw/images/healthcare/damaged_health_centre/damaged_health_centre_007.jpg,"Just reporting that tehre is teh health centre building at teh crossing is in very poor condition. This is causing a lot of trouble to residents, especially elderly people and children. We have complained before but no action has been taken.",Semi-Urban,Medium,Low,English,both_clear,high
00129,Healthcare,Damaged health centre,data/raw/images/healthcare/damaged_health_centre/damaged_health_centre_008.jpg,"Sir/Madam, main road ke kinare damaged health centre ho raha hai, jaldi solve kijiye plz.",Semi-Urban,Medium,Medium,Hinglish,both_clear,high
00130,Healthcare,Damaged health centre,data/raw/images/healthcare/damaged_health_centre/damaged_health_centre_009.jpg,"main road ke kinare damaged health centre ki problem hai pichhle teen din se, please jaldi fix karo.",Semi-Urban,Low,Low,Hinglish,clear_text_unclear_image,medium
00131,Healthcare,Damaged health centre,data/raw/images/healthcare/damaged_health_centre/damaged_health_centre_010.jpg,There is the health centre near the colony gate looks unsafe and needs repair. This needs to be fixed urgently.,Urban,High,High,English,both_clear,high
00132,Healthcare,Damaged health centre,data/raw/images/healthcare/damaged_health_centre/damaged_health_centre_011.jpg,"पंचायत भवन के सामने की स्थिति बहुत खराब है, यह damaged health centre से जुड़ी समस्या है।",Urban,Medium,Medium,Hindi,both_clear,high
00133,Healthcare,Damaged health centre,data/raw/images/healthcare/damaged_health_centre/damaged_health_centre_012.jpg,"I want to report the primary health centre near our street has a damaged roof. This is causing a lot of trouble to residents, especially elderly people and children. It would be great if someone could visit and check the situation.",Rural,Low,Low,English,both_clear,high
00134,Healthcare,Damaged health centre,data/raw/images/healthcare/damaged_health_centre/damaged_health_centre_013.jpg,"I want to report the health centre near the market looks unsafe and needs repair. This is causing a lot of trouble to residents, especially elderly people and children. We have complained before but no action has been taken.",Semi-Urban,Medium,Medium,English,both_clear,high
00135,Healthcare,Damaged health centre,data/raw/images/healthcare/damaged_health_centre/damaged_health_centre_014.jpg,"Hamare area mein damaged health centre ki dikkat hai, colony gate ke paas.",Urban,Medium,High,Hinglish,complementary,high
00136,Healthcare,Poor sanitation around health centre,data/raw/images/healthcare/poor_sanitation_around_health_centre/poor_sanitation_around_health_centre_000.jpg,मुख्य सड़क के किनारे एक गंभीर समस्या है जिसकी वजह Poor sanitation around health centre है।,Rural,Medium,Low,Hindi,both_clear,high
00137,Healthcare,Poor sanitation around health centre,data/raw/images/healthcare/poor_sanitation_around_health_centre/poor_sanitation_around_health_centre_001.jpg,पंचायत भवन के सामने एक गंभीर समस्या है जिसकी वजह Poor sanitation around health centre है।,Semi-Urban,Medium,Medium,Hindi,both_clear,high
00138,Healthcare,Poor sanitation around health centre,data/raw/images/healthcare/poor_sanitation_around_health_centre/poor_sanitation_around_health_centre_002.jpg,"There is some problem here, please check when possible.",Semi-Urban,Low,Low,English,vague_text_clear_image,medium
00139,Healthcare,Poor sanitation around health centre,data/raw/images/healthcare/poor_sanitation_around_health_centre/poor_sanitation_around_health_centre_003.jpg,बस स्टॉप के पास एक गंभीर समस्या है जिसकी वजह Poor sanitation around health centre है।,Urban,High,High,Hindi,complementary,high
00140,Healthcare,Poor sanitation around health centre,data/raw/images/healthcare/poor_sanitation_around_health_centre/poor_sanitation_around_health_centre_004.jpg,Poor sanitation around health centre has been a problem near the colony gate for over a week. No one has come to check yet.,Urban,High,Medium,English,both_clear,high
00141,Healthcare,Poor sanitation around health centre,data/raw/images/healthcare/poor_sanitation_around_health_centre/poor_sanitation_around_health_centre_005.jpg,"हमें हमारी गली के पास poor sanitation around health centre की दिक्कत हो रही है, कई दिनों से यह समस्या बनी हुई है।",Urban,Medium,Medium,Hindi,complementary,high
00142,Healthcare,Poor sanitation around health centre,data/raw/images/healthcare/poor_sanitation_around_health_centre/poor_sanitation_around_health_centre_006.jpg,Citizens are facing trouble due to poor sanitation around health centre close to our village. Please take action soon.,Rural,High,High,English,both_clear,high
00143,Healthcare,Poor sanitation around health centre,data/raw/images/healthcare/poor_sanitation_around_health_centre/poor_sanitation_around_health_centre_007.jpg,"Sir/Madam, bazaar ke paas poor sanitation around health centre ho raha hai, jaldi solve kijiye plz.",Rural,Medium,Low,Hinglish,both_clear,high
00144,Healthcare,Poor sanitation around health centre,data/raw/images/healthcare/poor_sanitation_around_health_centre/poor_sanitation_around_health_centre_008.jpg,Poor sanitation around health centre has been a problem near the colony gate for over a week. This is causing a lot of trouble to residents.,Urban,Medium,Medium,English,clear_text_unclear_image,medium
00145,Healthcare,Poor sanitation around health centre,data/raw/images/healthcare/poor_sanitation_around_health_centre/poor_sanitation_around_health_centre_009.jpg,"Something is wrong in our area, someone should look into it.",Urban,Medium,Low,Hindi,vague_text_clear_image,medium
00146,Healthcare,Poor sanitation around health centre,data/raw/images/healthcare/poor_sanitation_around_health_centre/poor_sanitation_around_health_centre_010.jpg,We are facing an issue of poor sanitation around health centre at the crossing since last night.,Semi-Urban,Low,Low,English,clear_text_unclear_image,medium
00147,Healthcare,Poor sanitation around health centre,data/raw/images/healthcare/poor_sanitation_around_health_centre/poor_sanitation_around_health_centre_011.jpg,There is a problem related to poor sanitation around health centre near the colony gate. Children and elderly people use this path daily.,Semi-Urban,Low,Low,English,complementary,high
00148,Healthcare,Poor sanitation around health centre,data/raw/images/healthcare/poor_sanitation_around_health_centre/poor_sanitation_around_health_centre_012.jpg,We are facing an issue of poor sanitation around health centre at the crossing since last night. Please take action soon.,Urban,Low,Low,English,both_clear,high
00149,Healthcare,Poor sanitation around health centre,data/raw/images/healthcare/poor_sanitation_around_health_centre/poor_sanitation_around_health_centre_013.jpg,We are facing an issue of poor sanitation around health centre at the crossing since yesterday. This needs to be fixed urgently.,Rural,High,Medium,English,both_clear,high
00150,Healthcare,Poor sanitation around health centre,data/raw/images/healthcare/poor_sanitation_around_health_centre/poor_sanitation_around_health_centre_014.jpg,"bus stop ke paas poor sanitation around health centre ki problem hai kal raat se, please jaldi fix karo.",Semi-Urban,Medium,Medium,Hinglish,complementary,high
00151,Healthcare,Missing medical facilities,data/raw/images/healthcare/missing_medical_facilities/missing_medical_facilities_000.jpg,"There is a problem related to missing medical facilities outside our house. This is causing a lot of trouble to residents, especially elderly people and children. We request the concerned department to inspect and resolve this at the earliest. Please fix it soon.",Semi-Urban,Medium,Medium,English,both_clear,high
00152,Healthcare,Missing medical facilities,data/raw/images/healthcare/missing_medical_facilities/missing_medical_facilities_001.jpg,We are facing an issue of missing medical facilities outside our house for several days.,Semi-Urban,Medium,High,English,both_clear,high
00153,Healthcare,Missing medical facilities,data/raw/images/healthcare/missing_medical_facilities/missing_medical_facilities_002.jpg,Citizens are facing trouble due to missing medical facilities near the colony gate.,Rural,Medium,Medium,English,both_clear,high
00154,Healthcare,Missing medical facilities,data/raw/images/healthcare/missing_medical_facilities/missing_medical_facilities_003.jpg,Missing medical facilities has been a problem close to our village since last night. Nobody from the authorities has visited yet.,Rural,Low,Low,English,both_clear,high
00155,Healthcare,Missing medical facilities,data/raw/images/healthcare/missing_medical_facilities/missing_medical_facilities_004.jpg,We are facing an issue of missing medical facilities behind the school since yesterday. This is causing a lot of trouble to residents. No one has come to check yet.,Rural,Medium,Low,English,clear_text_unclear_image,medium
00156,Healthcare,Missing medical facilities,data/raw/images/healthcare/missing_medical_facilities/missing_medical_facilities_005.jpg,"बस स्टॉप के पास missing medical facilities की समस्या है, कृपया जल्द ठीक करें।",Semi-Urban,High,High,Hindi,clear_text_unclear_image,medium
00157,Healthcare,Missing medical facilities,data/raw/images/healthcare/missing_medical_facilities/missing_medical_facilities_006.jpg,"बाजार के पास की स्थिति बहुत खराब है, यह missing medical facilities से जुड़ी समस्या है।",Urban,Low,Low,Hindi,both_clear,high
00158,Healthcare,Missing medical facilities,data/raw/images/healthcare/missing_medical_facilities/missing_medical_facilities_007.jpg,Missing medical facilities has been a problem at the crossing for several days. Please take action soon.,Semi-Urban,Medium,Medium,English,both_clear,high
00159,Healthcare,Missing medical facilities,data/raw/images/healthcare/missing_medical_facilities/missing_medical_facilities_008.jpg,"हमें मुख्य सड़क के किनारे missing medical facilities की दिक्कत हो रही है, कई दिनों से यह समस्या बनी हुई है।",Semi-Urban,Medium,Low,Hindi,clear_text_unclear_image,medium
00160,Healthcare,Missing medical facilities,data/raw/images/healthcare/missing_medical_facilities/missing_medical_facilities_009.jpg,Not sure who to contact but this needs attention.,Urban,Medium,Medium,Hinglish,vague_text_clear_image,medium
00161,Healthcare,Missing medical facilities,data/raw/images/healthcare/missing_medical_facilities/missing_medical_facilities_010.jpg,"Sir/Madam, bus stop ke paas missing medical facilities ho raha hai, jaldi solve kijiye plz.",Semi-Urban,High,High,Hinglish,both_clear,high
00162,Healthcare,Missing medical facilities,data/raw/images/healthcare/missing_medical_facilities/missing_medical_facilities_011.jpg,There is a problem related to missing medical facilities outside our house. This is causing a lot of trouble to residents.,Urban,Medium,Low,English,both_clear,high
00163,Healthcare,Missing medical facilities,data/raw/images/healthcare/missing_medical_facilities/missing_medical_facilities_012.jpg,Citizens are facing trouble due to missing medical facilities in front of the panchayat office. Nobody from the authorities has visited yet.,Semi-Urban,Low,Low,English,both_clear,high
00164,Healthcare,Missing medical facilities,data/raw/images/healthcare/missing_medical_facilities/missing_medical_facilities_013.jpg,Missing medical facilities has been a problem next to the bus stop for the past three days. Many families in the area are affected by this. We have complained before but no action has been taken.,Rural,Low,Low,English,both_clear,high
00165,Healthcare,Missing medical facilities,data/raw/images/healthcare/missing_medical_facilities/missing_medical_facilities_014.jpg,"Citizens are facing trouble due to missing medical facilities near our street. This is causing a lot of trouble to residents, especially elderly people and children. We have complained before but no action has been taken.",Semi-Urban,Medium,Medium,English,both_clear,high
00166,Healthcare,Broken medical infrastructure,data/raw/images/healthcare/broken_medical_infrastructure/broken_medical_infrastructure_000.jpg,बस स्टॉप के पास एक गंभीर समस्या है जिसकी वजह Broken medical infrastructure है।,Urban,High,Medium,Hindi,complementary,high
00167,Healthcare,Broken medical infrastructure,data/raw/images/healthcare/broken_medical_infrastructure/broken_medical_infrastructure_001.jpg,Citizens are facing trouble due to broken medical infrastructure at the crossing. This needs to be fixed urgently.,Rural,High,High,English,clear_text_unclear_image,medium
00168,Healthcare,Broken medical infrastructure,data/raw/images/healthcare/broken_medical_infrastructure/broken_medical_infrastructure_002.jpg,There is a problem related to broken medical infrastructure near the colony gate. Please take action soon.,Urban,Medium,High,English,clear_text_unclear_image,medium
00169,Healthcare,Broken medical infrastructure,data/raw/images/healthcare/broken_medical_infrastructure/broken_medical_infrastructure_003.jpg,We are facing an issue of broken medical infrastructure outside our house for the past three days. This needs to be fixed urgently.,Rural,Low,Medium,English,both_clear,high
00170,Healthcare,Broken medical infrastructure,data/raw/images/healthcare/broken_medical_infrastructure/broken_medical_infrastructure_004.jpg,"gaon ke nazdeek broken medical infrastructure ki problem hai pichhle teen din se, please jaldi fix karo.",Rural,High,High,Hinglish,complementary,high
00171,Healthcare,Broken medical infrastructure,data/raw/images/healthcare/broken_medical_infrastructure/broken_medical_infrastructure_005.jpg,"Hamare area mein broken medical infrastructure ki dikkat hai, school ke peeche.",Rural,Low,Low,Hinglish,both_clear,high
00172,Healthcare,Broken medical infrastructure,data/raw/images/healthcare/broken_medical_infrastructure/broken_medical_infrastructure_006.jpg,"Sir/Madam, gaon ke nazdeek broken medical infrastructure ho raha hai, jaldi solve kijiye plz.",Semi-Urban,High,High,Hinglish,both_clear,high
00173,Healthcare,Broken medical infrastructure,data/raw/images/healthcare/broken_medical_infrastructure/broken_medical_infrastructure_007.jpg,"Sir/Madam, school ke peeche broken medical infrastructure ho raha hai, jaldi solve kijiye plz.",Rural,High,High,Hinglish,both_clear,high
00174,Healthcare,Broken medical infrastructure,data/raw/images/healthcare/broken_medical_infrastructure/broken_medical_infrastructure_008.jpg,Citizens are facing trouble due to broken medical infrastructure near the market. Please take action soon.,Urban,Medium,Low,English,both_clear,high
00175,Healthcare,Broken medical infrastructure,data/raw/images/healthcare/broken_medical_infrastructure/broken_medical_infrastructure_009.jpg,"Sir/Madam, colony gate ke paas broken medical infrastructure ho raha hai, jaldi solve kijiye plz.",Rural,High,High,Hinglish,both_clear,high
00176,Healthcare,Broken medical infrastructure,data/raw/images/healthcare/broken_medical_infrastructure/broken_medical_infrastructure_010.jpg,"Yeh broken medical infrastructure wali problem school ke peeche kal se se hai, koi dekhne nahi aaya abhi tak.",Semi-Urban,Low,Medium,Hinglish,complementary,high
00177,Healthcare,Broken medical infrastructure,data/raw/images/healthcare/broken_medical_infrastructure/broken_medical_infrastructure_011.jpg,"हमारे गाँव के नज़दीक की स्थिति बहुत खराब है, यह broken medical infrastructure से जुड़ी समस्या है।",Semi-Urban,Medium,Medium,Hindi,complementary,high
00178,Healthcare,Broken medical infrastructure,data/raw/images/healthcare/broken_medical_infrastructure/broken_medical_infrastructure_012.jpg,Citizens are facing trouble due to broken medical infrastructure close to our village.,Urban,High,High,English,both_clear,high
00179,Healthcare,Broken medical infrastructure,data/raw/images/healthcare/broken_medical_infrastructure/broken_medical_infrastructure_013.jpg,"Something is wrong in our area, someone should look into it.",Semi-Urban,Medium,Low,English,vague_text_clear_image,medium
00180,Healthcare,Broken medical infrastructure,data/raw/images/healthcare/broken_medical_infrastructure/broken_medical_infrastructure_014.jpg,"स्कूल के पीछे की स्थिति बहुत खराब है, यह broken medical infrastructure से जुड़ी समस्या है।",Urban,High,High,Hindi,both_clear,high
00181,Healthcare,Lack of basic healthcare facilities,data/raw/images/healthcare/lack_of_basic_healthcare_facilities/lack_of_basic_healthcare_facilities_000.jpg,We are facing an issue of lack of basic healthcare facilities in front of the panchayat office for several days. Please take action soon. Please fix it soon.,Semi-Urban,Medium,Medium,English,both_clear,high
00182,Healthcare,Lack of basic healthcare facilities,data/raw/images/healthcare/lack_of_basic_healthcare_facilities/lack_of_basic_healthcare_facilities_001.jpg,We are facing an issue of lack of basic healthcare facilities next to the bus stop since yesterday. Please fix it soon.,Rural,High,High,English,both_clear,high
00183,Healthcare,Lack of basic healthcare facilities,data/raw/images/healthcare/lack_of_basic_healthcare_facilities/lack_of_basic_healthcare_facilities_002.jpg,"Sir/Madam, gaon ke nazdeek lack of basic healthcare facilities ho raha hai, jaldi solve kijiye plz.",Urban,Low,Low,Hinglish,both_clear,high
00184,Healthcare,Lack of basic healthcare facilities,data/raw/images/healthcare/lack_of_basic_healthcare_facilities/lack_of_basic_healthcare_facilities_003.jpg,"Citizens are facing trouble due to lack of basic healthcare facilities beside the main road. Also, this has gotten worse since last week.",Semi-Urban,High,High,English,complementary,high
00185,Healthcare,Lack of basic healthcare facilities,data/raw/images/healthcare/lack_of_basic_healthcare_facilities/lack_of_basic_healthcare_facilities_004.jpg,There is a problem related to lack of basic healthcare facilities close to our village. Please take action soon.,Urban,Medium,Medium,English,clear_text_unclear_image,medium
00186,Healthcare,Lack of basic healthcare facilities,data/raw/images/healthcare/lack_of_basic_healthcare_facilities/lack_of_basic_healthcare_facilities_005.jpg,"Hamare area mein lack of basic healthcare facilities ki dikkat hai, bus stop ke paas.",Semi-Urban,Medium,High,Hinglish,clear_text_unclear_image,medium
00187,Healthcare,Lack of basic healthcare facilities,data/raw/images/healthcare/lack_of_basic_healthcare_facilities/lack_of_basic_healthcare_facilities_006.jpg,This has been an issue for a while now.,Rural,Medium,High,English,vague_text_clear_image,medium
00188,Healthcare,Lack of basic healthcare facilities,data/raw/images/healthcare/lack_of_basic_healthcare_facilities/lack_of_basic_healthcare_facilities_007.jpg,"हमें मुख्य सड़क के किनारे lack of basic healthcare facilities की दिक्कत हो रही है, कई दिनों से यह समस्या बनी हुई है।",Semi-Urban,Low,Low,Hindi,both_clear,high
00189,Healthcare,Lack of basic healthcare facilities,data/raw/images/healthcare/lack_of_basic_healthcare_facilities/lack_of_basic_healthcare_facilities_008.jpg,"Sir/Madam, main road ke kinare lack of basic healthcare facilities ho raha hai, jaldi solve kijiye plz.",Urban,Medium,High,Hinglish,complementary,high
00190,Healthcare,Lack of basic healthcare facilities,data/raw/images/healthcare/lack_of_basic_healthcare_facilities/lack_of_basic_healthcare_facilities_009.jpg,Lack of basic healthcare facilities has been a problem near the colony gate for the past three days.,Rural,High,High,English,clear_text_unclear_image,medium
00191,Healthcare,Lack of basic healthcare facilities,data/raw/images/healthcare/lack_of_basic_healthcare_facilities/lack_of_basic_healthcare_facilities_010.jpg,There is a problem related to lack of basic healthcare facilities close to our village.,Urban,Medium,Medium,English,clear_text_unclear_image,medium
00192,Healthcare,Lack of basic healthcare facilities,data/raw/images/healthcare/lack_of_basic_healthcare_facilities/lack_of_basic_healthcare_facilities_011.jpg,"Something is wrong in our area, someone should look into it.",Rural,Medium,High,English,vague_text_clear_image,medium
00193,Healthcare,Lack of basic healthcare facilities,data/raw/images/healthcare/lack_of_basic_healthcare_facilities/lack_of_basic_healthcare_facilities_012.jpg,Not sure who to contact but this needs attention.,Urban,High,High,Hinglish,vague_text_clear_image,medium
00194,Healthcare,Lack of basic healthcare facilities,data/raw/images/healthcare/lack_of_basic_healthcare_facilities/lack_of_basic_healthcare_facilities_013.jpg,We are facing an issue of lack of basic healthcare facilities behind the school for several days. Children and elderly people use this path daily.,Rural,Low,Low,English,complementary,high
00195,Healthcare,Lack of basic healthcare facilities,data/raw/images/healthcare/lack_of_basic_healthcare_facilities/lack_of_basic_healthcare_facilities_014.jpg,There is a problem related to lack of basic healthcare facilities beside the main road. Many families in the area are affected by this. It would be great if someone could visit and check the situation.,Rural,High,High,English,both_clear,high
00196,Healthcare,Unsafe surroundings near hospital,data/raw/images/healthcare/unsafe_surroundings_near_hospital/unsafe_surroundings_near_hospital_000.jpg,"स्कूल के पीछे unsafe surroundings near hospital की समस्या है, कृपया जल्द ठीक करें।",Rural,High,High,Hindi,both_clear,high
00197,Healthcare,Unsafe surroundings near hospital,data/raw/images/healthcare/unsafe_surroundings_near_hospital/unsafe_surroundings_near_hospital_001.jpg,Unsafe surroundings near hospital has been a problem near the market for the past three days. This is causing a lot of trouble to residents.,Semi-Urban,High,High,English,both_clear,high
00198,Healthcare,Unsafe surroundings near hospital,data/raw/images/healthcare/unsafe_surroundings_near_hospital/unsafe_surroundings_near_hospital_002.jpg,"We are facing an issue of unsafe surroundings near hospital near the railway station road for several days. Please fix it soon. Also, this has gotten worse since last week.",Semi-Urban,High,Medium,English,complementary,high
00199,Healthcare,Unsafe surroundings near hospital,data/raw/images/healthcare/unsafe_surroundings_near_hospital/unsafe_surroundings_near_hospital_003.jpg,Not sure who to contact but this needs attention.,Urban,High,High,English,vague_text_clear_image,medium
00200,Healthcare,Unsafe surroundings near hospital,data/raw/images/healthcare/unsafe_surroundings_near_hospital/unsafe_surroundings_near_hospital_004.jpg,"There is a problem related to unsafe surroundings near hospital near the colony gate. This is causing a lot of trouble to residents, especially elderly people and children. It would be great if someone could visit and check the situation.",Rural,Low,Medium,English,both_clear,high
00201,Healthcare,Unsafe surroundings near hospital,data/raw/images/healthcare/unsafe_surroundings_near_hospital/unsafe_surroundings_near_hospital_005.jpg,Kindly send someone to check this place.,Rural,High,High,Hinglish,vague_text_clear_image,medium
00202,Healthcare,Unsafe surroundings near hospital,data/raw/images/healthcare/unsafe_surroundings_near_hospital/unsafe_surroundings_near_hospital_006.jpg,"हमें स्कूल के पीछे unsafe surroundings near hospital की दिक्कत हो रही है, कई दिनों से यह समस्या बनी हुई है।",Semi-Urban,Medium,Medium,Hindi,both_clear,high
00203,Healthcare,Unsafe surroundings near hospital,data/raw/images/healthcare/unsafe_surroundings_near_hospital/unsafe_surroundings_near_hospital_007.jpg,Citizens are facing trouble due to unsafe surroundings near hospital near the colony gate. This needs to be fixed urgently.,Rural,Medium,Medium,English,both_clear,high
00204,Healthcare,Unsafe surroundings near hospital,data/raw/images/healthcare/unsafe_surroundings_near_hospital/unsafe_surroundings_near_hospital_008.jpg,"हमारी गली के पास unsafe surroundings near hospital की समस्या है, कृपया जल्द ठीक करें।",Semi-Urban,High,Medium,Hindi,both_clear,high
00205,Healthcare,Unsafe surroundings near hospital,data/raw/images/healthcare/unsafe_surroundings_near_hospital/unsafe_surroundings_near_hospital_009.jpg,"Sir/Madam, colony gate ke paas unsafe surroundings near hospital ho raha hai, jaldi solve kijiye plz.",Urban,High,High,Hinglish,complementary,high
00206,Healthcare,Unsafe surroundings near hospital,data/raw/images/healthcare/unsafe_surroundings_near_hospital/unsafe_surroundings_near_hospital_010.jpg,मुख्य सड़क के किनारे एक गंभीर समस्या है जिसकी वजह Unsafe surroundings near hospital है।,Urban,Low,Low,Hindi,both_clear,high
00207,Healthcare,Unsafe surroundings near hospital,data/raw/images/healthcare/unsafe_surroundings_near_hospital/unsafe_surroundings_near_hospital_011.jpg,Unsafe surroundings near hospital has been a problem near our street for several days.,Semi-Urban,Low,Low,English,clear_text_unclear_image,medium
00208,Healthcare,Unsafe surroundings near hospital,data/raw/images/healthcare/unsafe_surroundings_near_hospital/unsafe_surroundings_near_hospital_012.jpg,Their is a problem related to unsafe surroundings near hospital near the market. This is right next to the main road.,Rural,High,Medium,English,complementary,high
00209,Healthcare,Unsafe surroundings near hospital,data/raw/images/healthcare/unsafe_surroundings_near_hospital/unsafe_surroundings_near_hospital_013.jpg,"Yeh unsafe surroundings near hospital wali problem colony gate ke paas ek hafte se se hai, koi dekhne nahi aaya abhi tak.",Semi-Urban,Low,Low,Hinglish,both_clear,high
00210,Healthcare,Unsafe surroundings near hospital,data/raw/images/healthcare/unsafe_surroundings_near_hospital/unsafe_surroundings_near_hospital_014.jpg,Citizens are facing trouble due to unsafe surroundings near hospital behind the school. Please fix it soon.,Rural,Medium,Low,English,both_clear,high
00211,Healthcare,Poor accessibility to healthcare,data/raw/images/healthcare/poor_accessibility_to_healthcare/poor_accessibility_to_healthcare_000.jpg,"स्कूल के पीछे poor accessibility to healthcare की समस्या है, कृपया जल्द ठीक करें।",Rural,Medium,Low,Hindi,both_clear,high
00212,Healthcare,Poor accessibility to healthcare,data/raw/images/healthcare/poor_accessibility_to_healthcare/poor_accessibility_to_healthcare_001.jpg,Citizens are facing trouble due to poor accessibility to healthcare at the crossing.,Semi-Urban,High,High,English,both_clear,high
00213,Healthcare,Poor accessibility to healthcare,data/raw/images/healthcare/poor_accessibility_to_healthcare/poor_accessibility_to_healthcare_002.jpg,We are facing an issue of poor accessibility to healthcare near the railway station road for over a week.,Rural,Medium,Low,English,both_clear,high
00214,Healthcare,Poor accessibility to healthcare,data/raw/images/healthcare/poor_accessibility_to_healthcare/poor_accessibility_to_healthcare_003.jpg,We are facing an issue of poor accessibility to healthcare near the colony gate for over a week. This needs to be fixed urgently.,Semi-Urban,High,High,English,both_clear,high
00215,Healthcare,Poor accessibility to healthcare,data/raw/images/healthcare/poor_accessibility_to_healthcare/poor_accessibility_to_healthcare_004.jpg,We are facing an issue of poor accessibility to healthcare outside our house since last night. This is causing a lot of trouble to residents.,Urban,High,High,English,both_clear,high
00216,Healthcare,Poor accessibility to healthcare,data/raw/images/healthcare/poor_accessibility_to_healthcare/poor_accessibility_to_healthcare_005.jpg,"Citizens are facing trouble due to poor accessibility to healthcare near the railway station road. No one has come to check yet. Also, this has gotten worse since last week.",Semi-Urban,Low,Low,English,complementary,high
00217,Healthcare,Poor accessibility to healthcare,data/raw/images/healthcare/poor_accessibility_to_healthcare/poor_accessibility_to_healthcare_006.jpg,There is a problem related to poor accessibility to healthcare next to the bus stop. This is right next to the market.,Rural,Medium,Medium,English,complementary,high
00218,Healthcare,Poor accessibility to healthcare,data/raw/images/healthcare/poor_accessibility_to_healthcare/poor_accessibility_to_healthcare_007.jpg,We are facing an issue of poor accessibility to healthcare next to the bus stop for two weeks now.,Rural,Low,Low,English,both_clear,high
00219,Healthcare,Poor accessibility to healthcare,data/raw/images/healthcare/poor_accessibility_to_healthcare/poor_accessibility_to_healthcare_008.jpg,There is a problem related to poor accessibility to healthcare near our street.,Semi-Urban,High,High,English,both_clear,high
00220,Healthcare,Poor accessibility to healthcare,data/raw/images/healthcare/poor_accessibility_to_healthcare/poor_accessibility_to_healthcare_009.jpg,"Sir/Madam, hamari gali ke paas poor accessibility to healthcare ho raha hai, jaldi solve kijiye plz.",Urban,Medium,Medium,Hinglish,clear_text_unclear_image,medium
00221,Healthcare,Poor accessibility to healthcare,data/raw/images/healthcare/poor_accessibility_to_healthcare/poor_accessibility_to_healthcare_010.jpg,"मुख्य सड़क के किनारे की स्थिति बहुत खराब है, यह poor accessibility to healthcare से जुड़ी समस्या है।",Rural,Medium,Medium,Hindi,both_clear,high
00222,Healthcare,Poor accessibility to healthcare,data/raw/images/healthcare/poor_accessibility_to_healthcare/poor_accessibility_to_healthcare_011.jpg,"Something is wrong in our area, someone should look into it.",Rural,High,Medium,English,vague_text_clear_image,medium
00223,Healthcare,Poor accessibility to healthcare,data/raw/images/healthcare/poor_accessibility_to_healthcare/poor_accessibility_to_healthcare_012.jpg,Not sure who to contact but this needs attention.,Urban,Medium,High,English,vague_text_clear_image,medium
00224,Healthcare,Poor accessibility to healthcare,data/raw/images/healthcare/poor_accessibility_to_healthcare/poor_accessibility_to_healthcare_013.jpg,"Hamare area mein poor accessibility to healthcare ki dikkat hai, hamari gali ke paas.",Urban,High,High,Hinglish,clear_text_unclear_image,medium
00225,Healthcare,Poor accessibility to healthcare,data/raw/images/healthcare/poor_accessibility_to_healthcare/poor_accessibility_to_healthcare_014.jpg,"Sir/Madam, main road ke kinare poor accessibility to healthcare ho raha hai, jaldi solve kijiye plz.",Semi-Urban,High,High,Hinglish,complementary,high
00226,Agriculture,Crop damage,data/raw/images/agriculture/crop_damage/crop_damage_000.jpg,"Hamare area mein crop damage ki dikkat hai, bus stop ke paas.",Urban,Low,Low,Hinglish,both_clear,high
00227,Agriculture,Crop damage,data/raw/images/agriculture/crop_damage/crop_damage_001.jpg,"हमें मुख्य सड़क के किनारे crop damage की दिक्कत हो रही है, कई दिनों से यह समस्या बनी हुई है।",Rural,Low,Medium,Hindi,complementary,high
00228,Agriculture,Crop damage,data/raw/images/agriculture/crop_damage/crop_damage_002.jpg,"हमें बस स्टॉप के पास crop damage की दिक्कत हो रही है, कई दिनों से यह समस्या बनी हुई है।",Semi-Urban,High,High,Hindi,both_clear,high
00229,Agriculture,Crop damage,data/raw/images/agriculture/crop_damage/crop_damage_003.jpg,"Hamare area mein crop damage ki dikkat hai, gaon ke nazdeek.",Rural,Low,Medium,Hinglish,both_clear,high
00230,Agriculture,Crop damage,data/raw/images/agriculture/crop_damage/crop_damage_004.jpg,We have noticed standing crops near the field next to the bus stop have been ruined. This is causing a lot of trouble to residents.,Semi-Urban,Low,Low,English,both_clear,high
00231,Agriculture,Crop damage,data/raw/images/agriculture/crop_damage/crop_damage_005.jpg,"Sir/Madam, bus stop ke paas crop damage ho raha hai, jaldi solve kijiye plz.",Rural,High,Medium,Hinglish,both_clear,high
00232,Agriculture,Crop damage,data/raw/images/agriculture/crop_damage/crop_damage_006.jpg,"Sir/Madam, panchayat office ke saamne crop damage ho raha hai, jaldi solve kijiye plz.",Urban,Medium,Medium,Hinglish,both_clear,high
00233,Agriculture,Crop damage,data/raw/images/agriculture/crop_damage/crop_damage_007.jpg,We have noticed standing crops near the field outside our house have been ruined.,Rural,Medium,Medium,English,both_clear,high
00234,Agriculture,Crop damage,data/raw/images/agriculture/crop_damage/crop_damage_008.jpg,"Sir/Madam, tehre is our crops have been damaged due to teh recent flooding. This is causing a lot of trouble to residents, especially elderly people and children. We have complained before but no action has been taken.",Semi-Urban,High,High,English,both_clear,high
00235,Agriculture,Crop damage,data/raw/images/agriculture/crop_damage/crop_damage_009.jpg,Just reporting that there is our crops have been damaged due to the recent flooding. Nobody from the authorities has visited yet.,Rural,Medium,High,English,both_clear,high
00236,Agriculture,Crop damage,data/raw/images/agriculture/crop_damage/crop_damage_010.jpg,"स्कूल के पीछे crop damage की समस्या है, कृपया जल्द ठीक करें।",Rural,Low,Medium,Hindi,both_clear,high
00237,Agriculture,Crop damage,data/raw/images/agriculture/crop_damage/crop_damage_011.jpg,I want to report pests have destroyed a large part of our crop this season. This needs to be fixed urgently.,Semi-Urban,Low,Medium,English,both_clear,high
00238,Agriculture,Crop damage,data/raw/images/agriculture/crop_damage/crop_damage_012.jpg,Kindly note that there is standing crops near the field near the railway station road have been ruined. Many families in the area are affected by this. It would be great if someone could visit and check the situation.,Semi-Urban,Low,Medium,English,both_clear,high
00239,Agriculture,Crop damage,data/raw/images/agriculture/crop_damage/crop_damage_013.jpg,Kindly note that there is pests have destroyed a large part of our crop this season. This is causing a lot of trouble to residents.,Semi-Urban,Medium,Low,English,both_clear,high
00241,Agriculture,Irrigation problems,data/raw/images/agriculture/irrigation_problems/irrigation_problems_000.jpg,हमारे गाँव के नज़दीक एक गंभीर समस्या है जिसकी वजह Irrigation problems है।,Rural,Medium,Medium,Hindi,both_clear,high
00242,Agriculture,Irrigation problems,data/raw/images/agriculture/irrigation_problems/irrigation_problems_001.jpg,"hamari gali ke paas irrigation problems ki problem hai kal raat se, please jaldi fix karo.",Rural,Low,Medium,Hinglish,both_clear,high
00243,Agriculture,Irrigation problems,data/raw/images/agriculture/irrigation_problems/irrigation_problems_002.jpg,We are facing an issue of irrigation problems beside the main road for over a week. This is causing a lot of trouble to residents. Plz look into this asap.,Semi-Urban,Low,Low,English,both_clear,high
00244,Agriculture,Irrigation problems,data/raw/images/agriculture/irrigation_problems/irrigation_problems_003.jpg,Irrigation problems has been a problem near the colony gate for almost a month.,Urban,High,High,English,both_clear,high
00245,Agriculture,Irrigation problems,data/raw/images/agriculture/irrigation_problems/irrigation_problems_004.jpg,"Irrigation problems has been a problem near the colony gate for almost a month. This is causing a lot of trouble to residents, especially elderly people and children. We have complained before but no action has been taken.",Urban,High,High,English,both_clear,high
00246,Agriculture,Irrigation problems,data/raw/images/agriculture/irrigation_problems/irrigation_problems_005.jpg,There is a problem related to irrigation problems near the railway station road. Please take action soon.,Semi-Urban,High,High,English,clear_text_unclear_image,medium
00247,Agriculture,Irrigation problems,data/raw/images/agriculture/irrigation_problems/irrigation_problems_006.jpg,We are facing an issue of irrigation problems near the railway station road for almost a month. Children and elderly people use this path daily.,Rural,Medium,High,English,complementary,high
00248,Agriculture,Irrigation problems,data/raw/images/agriculture/irrigation_problems/irrigation_problems_007.jpg,"पंचायत भवन के सामने irrigation problems की समस्या है, कृपया जल्द ठीक करें।",Rural,Medium,High,Hindi,both_clear,high
00249,Agriculture,Irrigation problems,data/raw/images/agriculture/irrigation_problems/irrigation_problems_008.jpg,"Yeh irrigation problems wali problem gaon ke nazdeek kal raat se se hai, koi dekhne nahi aaya abhi tak.",Urban,Medium,High,Hinglish,complementary,high
00250,Agriculture,Irrigation problems,data/raw/images/agriculture/irrigation_problems/irrigation_problems_009.jpg,There is a problem related to irrigation problems in front of the panchayat office. Nobody from the authorities has visited yet. Please fix it soon.,Rural,Low,Medium,English,clear_text_unclear_image,medium
00252,Agriculture,Irrigation problems,data/raw/images/agriculture/irrigation_problems/irrigation_problems_011.jpg,"bus stop ke paas irrigation problems ki problem hai ek hafte se, please jaldi fix karo.",Urban,Low,Low,Hinglish,both_clear,high
00253,Agriculture,Irrigation problems,data/raw/images/agriculture/irrigation_problems/irrigation_problems_012.jpg,"कॉलोनी के गेट के पास irrigation problems की समस्या है, कृपया जल्द ठीक करें।",Semi-Urban,High,High,Hindi,clear_text_unclear_image,medium
00254,Agriculture,Irrigation problems,data/raw/images/agriculture/irrigation_problems/irrigation_problems_013.jpg,We are facing an issue of irrigation problems close to our village for the past three days. This is causing a lot of trouble to residents.,Urban,High,High,English,both_clear,high
00255,Agriculture,Irrigation problems,data/raw/images/agriculture/irrigation_problems/irrigation_problems_014.jpg,"Sir/Madam, school ke peeche irrigation problems ho raha hai, jaldi solve kijiye plz.",Rural,Medium,Medium,Hinglish,both_clear,high
00256,Agriculture,Damaged irrigation infrastructure,data/raw/images/agriculture/damaged_irrigation_infrastructure/damaged_irrigation_infrastructure_000.jpg,There is a problem related to damaged irrigation infrastructure behind the school. Many families in the area are affected by this. It would be great if someone could visit and check the situation.,Rural,Low,Low,English,both_clear,high
00257,Agriculture,Damaged irrigation infrastructure,data/raw/images/agriculture/damaged_irrigation_infrastructure/damaged_irrigation_infrastructure_001.jpg,"Hamare area mein damaged irrigation infrastructure ki dikkat hai, hamari gali ke paas.",Semi-Urban,Low,Low,Hinglish,complementary,high
00258,Agriculture,Damaged irrigation infrastructure,data/raw/images/agriculture/damaged_irrigation_infrastructure/damaged_irrigation_infrastructure_002.jpg,"Sir/Madam, panchayat office ke saamne damaged irrigation infrastructure ho raha hai, jaldi solve kijiye plz.",Urban,Medium,Low,Hinglish,both_clear,high
00259,Agriculture,Damaged irrigation infrastructure,data/raw/images/agriculture/damaged_irrigation_infrastructure/damaged_irrigation_infrastructure_003.jpg,"हमें हमारे गाँव के नज़दीक damaged irrigation infrastructure की दिक्कत हो रही है, कई दिनों से यह समस्या बनी हुई है।",Semi-Urban,Medium,Medium,Hindi,clear_text_unclear_image,medium
00260,Agriculture,Damaged irrigation infrastructure,data/raw/images/agriculture/damaged_irrigation_infrastructure/damaged_irrigation_infrastructure_004.jpg,कॉलोनी के गेट के पास एक गंभीर समस्या है जिसकी वजह Damaged irrigation infrastructure है।,Urban,High,High,Hindi,both_clear,high
00261,Agriculture,Damaged irrigation infrastructure,data/raw/images/agriculture/damaged_irrigation_infrastructure/damaged_irrigation_infrastructure_005.jpg,"We are facing an issue of damaged irrigation infrastructure behind the school since last night. This is causing a lot of trouble to residents, especially elderly people and children. We request the concerned department to inspect and resolve this at the earliest.",Semi-Urban,Medium,High,English,clear_text_unclear_image,medium
00262,Agriculture,Damaged irrigation infrastructure,data/raw/images/agriculture/damaged_irrigation_infrastructure/damaged_irrigation_infrastructure_006.jpg,"हमें स्कूल के पीछे damaged irrigation infrastructure की दिक्कत हो रही है, कई दिनों से यह समस्या बनी हुई है।",Urban,Low,Low,Hindi,both_clear,high
00263,Agriculture,Damaged irrigation infrastructure,data/raw/images/agriculture/damaged_irrigation_infrastructure/damaged_irrigation_infrastructure_007.jpg,Citizens are facing trouble due to damaged irrigation infrastructure next to the bus stop. This is causing a lot of trouble to residents.,Rural,Medium,Medium,English,clear_text_unclear_image,medium
00264,Agriculture,Damaged irrigation infrastructure,data/raw/images/agriculture/damaged_irrigation_infrastructure/damaged_irrigation_infrastructure_008.jpg,Damaged irrigation infrastructure has been a problem near the railway station road since yesterday.,Semi-Urban,High,High,English,clear_text_unclear_image,medium
00265,Agriculture,Damaged irrigation infrastructure,data/raw/images/agriculture/damaged_irrigation_infrastructure/damaged_irrigation_infrastructure_009.jpg,"Hamare area mein damaged irrigation infrastructure ki dikkat hai, main road ke kinare.",Rural,High,High,Hinglish,both_clear,high
00266,Agriculture,Damaged irrigation infrastructure,data/raw/images/agriculture/damaged_irrigation_infrastructure/damaged_irrigation_infrastructure_010.jpg,"Hamare area mein damaged irrigation infrastructure ki dikkat hai, school ke peeche.",Rural,High,High,Hinglish,both_clear,high
00267,Agriculture,Damaged irrigation infrastructure,data/raw/images/agriculture/damaged_irrigation_infrastructure/damaged_irrigation_infrastructure_011.jpg,"स्कूल के पीछे की स्थिति बहुत खराब है, यह damaged irrigation infrastructure से जुड़ी समस्या है।",Urban,High,Medium,Hindi,both_clear,high
00268,Agriculture,Damaged irrigation infrastructure,data/raw/images/agriculture/damaged_irrigation_infrastructure/damaged_irrigation_infrastructure_012.jpg,"bazaar ke paas damaged irrigation infrastructure ki problem hai kal se, please jaldi fix karo.",Urban,High,Medium,Hinglish,both_clear,high
00269,Agriculture,Damaged irrigation infrastructure,data/raw/images/agriculture/damaged_irrigation_infrastructure/damaged_irrigation_infrastructure_013.jpg,"Hamare area mein damaged irrigation infrastructure ki dikkat hai, bus stop ke paas.",Semi-Urban,Low,Low,Hinglish,both_clear,high
00270,Agriculture,Damaged irrigation infrastructure,data/raw/images/agriculture/damaged_irrigation_infrastructure/damaged_irrigation_infrastructure_014.jpg,Damaged irrigation infrastructure has been a problem in front of the panchayat office for the past three days. Please take action soon.,Rural,Medium,Medium,English,both_clear,high
00271,Agriculture,Water shortage for crops,data/raw/images/agriculture/water_shortage_for_crops/water_shortage_for_crops_000.jpg,"There is some problem here, please check when possible.",Semi-Urban,High,Medium,Hindi,vague_text_clear_image,medium
00272,Agriculture,Water shortage for crops,data/raw/images/agriculture/water_shortage_for_crops/water_shortage_for_crops_001.jpg,"Hamare area mein water shortage for crops ki dikkat hai, school ke peeche.",Rural,Medium,High,Hinglish,both_clear,high
00273,Agriculture,Water shortage for crops,data/raw/images/agriculture/water_shortage_for_crops/water_shortage_for_crops_002.jpg,"हमें हमारे गाँव के नज़दीक water shortage for crops की दिक्कत हो रही है, कई दिनों से यह समस्या बनी हुई है।",Rural,Medium,High,Hindi,both_clear,high
00274,Agriculture,Water shortage for crops,data/raw/images/agriculture/water_shortage_for_crops/water_shortage_for_crops_003.jpg,Not sure who to contact but this needs attention.,Urban,Low,Low,English,vague_text_clear_image,medium
00275,Agriculture,Water shortage for crops,data/raw/images/agriculture/water_shortage_for_crops/water_shortage_for_crops_004.jpg,"main road ke kinare water shortage for crops ki problem h do hafte se, please jaldi fix karo.",Rural,Medium,Low,Hinglish,both_clear,high
00276,Agriculture,Water shortage for crops,data/raw/images/agriculture/water_shortage_for_crops/water_shortage_for_crops_005.jpg,Kindly send someone to check this place.,Urban,Low,Low,Hinglish,vague_text_clear_image,medium
00277,Agriculture,Water shortage for crops,data/raw/images/agriculture/water_shortage_for_crops/water_shortage_for_crops_006.jpg,Water shortage for crops has been a problem near the railway station road since last night.,Semi-Urban,Low,Low,English,clear_text_unclear_image,medium
00279,Agriculture,Water shortage for crops,data/raw/images/agriculture/water_shortage_for_crops/water_shortage_for_crops_008.jpg,This has been an issue for a while now.,Semi-Urban,High,High,Hindi,vague_text_clear_image,medium
00280,Agriculture,Water shortage for crops,data/raw/images/agriculture/water_shortage_for_crops/water_shortage_for_crops_009.jpg,"Hamare area mein water shortage for crops ki dikkat hai, main road ke kinare.",Semi-Urban,Low,Low,Hinglish,both_clear,high
00281,Agriculture,Water shortage for crops,data/raw/images/agriculture/water_shortage_for_crops/water_shortage_for_crops_010.jpg,"Sir/Madam, gaon ke nazdeek water shortage for crops ho raha hai, jaldi solve kijiye plz.",Rural,High,High,Hinglish,both_clear,high
00284,Agriculture,Water shortage for crops,data/raw/images/agriculture/water_shortage_for_crops/water_shortage_for_crops_013.jpg,बाजार के पास एक गंभीर समस्या है जिसकी वजह Water shortage for crops है।,Urban,Medium,Medium,Hindi,both_clear,high
00285,Agriculture,Water shortage for crops,data/raw/images/agriculture/water_shortage_for_crops/water_shortage_for_crops_014.jpg,Water shortage for crops has been a problem in front of the panchayat office for almost a month. Many families in the area are affected by this. We have complained before but no action has been taken.,Semi-Urban,Low,Low,English,both_clear,high
00286,Agriculture,Poor agricultural roads,data/raw/images/agriculture/poor_agricultural_roads/poor_agricultural_roads_000.jpg,"Hamare area mein poor agricultural roads ki dikkat hai, bazaar ke paas.",Rural,Low,Low,Hinglish,both_clear,high
00287,Agriculture,Poor agricultural roads,data/raw/images/agriculture/poor_agricultural_roads/poor_agricultural_roads_001.jpg,"We are facing an issue of poor agricultural roads close to our village for over a week. This is causing a lot of trouble to residents, especially elderly people and children. It would be great if someone could visit and check the situation.",Semi-Urban,Low,Medium,English,both_clear,high
00288,Agriculture,Poor agricultural roads,data/raw/images/agriculture/poor_agricultural_roads/poor_agricultural_roads_002.jpg,"There is a problem related to poor agricultural roads at the crossing. This is causing a lot of trouble to residents, especially elderly people and children. We request the concerned department to inspect and resolve this at the earliest.",Semi-Urban,High,High,English,both_clear,high
00289,Agriculture,Poor agricultural roads,data/raw/images/agriculture/poor_agricultural_roads/poor_agricultural_roads_003.jpg,Citizens are facing trouble due to poor agricultural roads outside our house. Please take action soon.,Semi-Urban,High,High,English,both_clear,high
00290,Agriculture,Poor agricultural roads,data/raw/images/agriculture/poor_agricultural_roads/poor_agricultural_roads_004.jpg,There is a problem related to poor agricultural roads next to the bus stop. Please take action soon.,Urban,High,High,English,both_clear,high
00291,Agriculture,Poor agricultural roads,data/raw/images/agriculture/poor_agricultural_roads/poor_agricultural_roads_005.jpg,"हमें हमारे गाँव के नज़दीक poor agricultural roads की दिक्कत हो रही है, कई दिनों से यह समस्या बनी हुई है।",Rural,Low,Medium,Hindi,both_clear,high
00292,Agriculture,Poor agricultural roads,data/raw/images/agriculture/poor_agricultural_roads/poor_agricultural_roads_006.jpg,Poor agricultural roads has been a problem beside the main road since yesterday. Plz look into this asap. Children and elderly people use this path daily.,Rural,Medium,Medium,English,complementary,high
00293,Agriculture,Poor agricultural roads,data/raw/images/agriculture/poor_agricultural_roads/poor_agricultural_roads_007.jpg,Citizens are facing trouble due to poor agricultural roads near the market. Nobody from the authorities has visited yet.,Rural,Low,Medium,English,both_clear,high
00294,Agriculture,Poor agricultural roads,data/raw/images/agriculture/poor_agricultural_roads/poor_agricultural_roads_008.jpg,We are facing an issue of poor agricultural roads in front of the panchayat office since yesterday. No one has come to check yet.,Semi-Urban,Low,Low,English,clear_text_unclear_image,medium
00295,Agriculture,Poor agricultural roads,data/raw/images/agriculture/poor_agricultural_roads/poor_agricultural_roads_009.jpg,"स्कूल के पीछे poor agricultural roads की समस्या है, कृपया जल्द ठीक करें।",Urban,Low,Medium,Hindi,complementary,high
00296,Agriculture,Poor agricultural roads,data/raw/images/agriculture/poor_agricultural_roads/poor_agricultural_roads_010.jpg,"gaon ke nazdeek poor agricultural roads ki problem hai kal se, please jaldi fix karo.",Urban,High,High,Hinglish,clear_text_unclear_image,medium
00297,Agriculture,Poor agricultural roads,data/raw/images/agriculture/poor_agricultural_roads/poor_agricultural_roads_011.jpg,Poor agricultural roads has been a problem near the market for several days.,Semi-Urban,Medium,Low,English,both_clear,high
00298,Agriculture,Poor agricultural roads,data/raw/images/agriculture/poor_agricultural_roads/poor_agricultural_roads_012.jpg,Not sure who to contact but this needs attention.,Semi-Urban,High,High,English,vague_text_clear_image,medium
00299,Agriculture,Poor agricultural roads,data/raw/images/agriculture/poor_agricultural_roads/poor_agricultural_roads_013.jpg,"We are facing an issue of poor agricultural roads next to the bus stop since last night. This is causing a lot of trouble to residents, especially elderly people and children. We request the concerned department to inspect and resolve this at the earliest. No one has come to check yet.",Semi-Urban,Medium,Low,English,clear_text_unclear_image,medium
00300,Agriculture,Poor agricultural roads,data/raw/images/agriculture/poor_agricultural_roads/poor_agricultural_roads_014.jpg,Kindly send someone to check this place.,Semi-Urban,Medium,High,Hindi,vague_text_clear_image,medium
00301,Agriculture,Pest-related crop damage,data/raw/images/agriculture/pest-related_crop_damage/pest-related_crop_damage_000.jpg,Pest-related crop damage has been a problem in front of the panchayat office for over a week. Please take action soon.,Rural,High,High,English,both_clear,high
00302,Agriculture,Pest-related crop damage,data/raw/images/agriculture/pest-related_crop_damage/pest-related_crop_damage_001.jpg,There is a problem related to pest-related crop damage near the colony gate. Many families in the area are affected by this. We request the concerned department to inspect and resolve this at the earliest.,Semi-Urban,Low,Low,English,both_clear,high
00303,Agriculture,Pest-related crop damage,data/raw/images/agriculture/pest-related_crop_damage/pest-related_crop_damage_002.jpg,मुख्य सड़क के किनारे एक गंभीर समस्या है जिसकी वजह Pest-related crop damage है।,Rural,High,High,Hindi,clear_text_unclear_image,medium
00304,Agriculture,Pest-related crop damage,data/raw/images/agriculture/pest-related_crop_damage/pest-related_crop_damage_003.jpg,There is a problem related to pest-related crop damage behind the school.,Rural,High,High,English,both_clear,high
00305,Agriculture,Pest-related crop damage,data/raw/images/agriculture/pest-related_crop_damage/pest-related_crop_damage_004.jpg,we are facing an issue of pest-related crop damage near our street for several days. please take action soon.,Urban,High,High,English,both_clear,high
00306,Agriculture,Pest-related crop damage,data/raw/images/agriculture/pest-related_crop_damage/pest-related_crop_damage_005.jpg,"कॉलोनी के गेट के पास pest-related crop damage की समस्या है, कृपया जल्द ठीक करें।",Semi-Urban,High,High,Hindi,clear_text_unclear_image,medium
00307,Agriculture,Pest-related crop damage,data/raw/images/agriculture/pest-related_crop_damage/pest-related_crop_damage_006.jpg,"हमें कॉलोनी के गेट के पास pest-related crop damage की दिक्कत हो रही है, कई दिनों से यह समस्या बनी हुई है।",Urban,Medium,High,Hindi,both_clear,high
00308,Agriculture,Pest-related crop damage,data/raw/images/agriculture/pest-related_crop_damage/pest-related_crop_damage_007.jpg,Citizens are facing trouble due to pest-related crop damage at the crossing. Please fix it soon.,Rural,Low,Medium,English,both_clear,high
00309,Agriculture,Pest-related crop damage,data/raw/images/agriculture/pest-related_crop_damage/pest-related_crop_damage_008.jpg,"Yeh pest-related crop damage wali problem bazaar ke paas ek mahine se se hai, koi dekhne nahi aaya abhi tak.",Urban,Low,Low,Hinglish,both_clear,high
00310,Agriculture,Pest-related crop damage,data/raw/images/agriculture/pest-related_crop_damage/pest-related_crop_damage_009.jpg,Citizens are facing trouble due to pest-related crop damage outside our house. Nobody from the authorities has visited yet.,Semi-Urban,Medium,Medium,English,both_clear,high
00311,Agriculture,Pest-related crop damage,data/raw/images/agriculture/pest-related_crop_damage/pest-related_crop_damage_010.jpg,Citizens are facing trouble due to pest-related crop damage near the colony gate.,Urban,Medium,High,English,both_clear,high
00312,Agriculture,Pest-related crop damage,data/raw/images/agriculture/pest-related_crop_damage/pest-related_crop_damage_011.jpg,We are facing an issue of pest-related crop damage near our street for two weeks now. Nobody from the authorities has visited yet.,Urban,Low,Medium,English,both_clear,high
00313,Agriculture,Pest-related crop damage,data/raw/images/agriculture/pest-related_crop_damage/pest-related_crop_damage_012.jpg,There is a problem related to pest-related crop damage close to our village. Nobody from the authorities has visited yet.,Urban,High,High,English,both_clear,high
00314,Agriculture,Pest-related crop damage,data/raw/images/agriculture/pest-related_crop_damage/pest-related_crop_damage_013.jpg,"There is some problem here, please check when possible.",Rural,Low,Low,Hinglish,vague_text_clear_image,medium
00315,Agriculture,Pest-related crop damage,data/raw/images/agriculture/pest-related_crop_damage/pest-related_crop_damage_014.jpg,"हमें मुख्य सड़क के किनारे pest-related crop damage की दिक्कत हो रही है, कई दिनों से यह समस्या बनी हुई है।",Rural,High,High,Hindi,complementary,high
00316,Agriculture,Damaged farm equipment,data/raw/images/agriculture/damaged_farm_equipment/damaged_farm_equipment_000.jpg,"colony gate ke paas damaged farm equipment ki problem hai ek hafte se, please jaldi fix karo.",Semi-Urban,High,High,Hinglish,clear_text_unclear_image,medium
00317,Agriculture,Damaged farm equipment,data/raw/images/agriculture/damaged_farm_equipment/damaged_farm_equipment_001.jpg,"मुख्य सड़क के किनारे damaged farm equipment की समस्या है, कृपया जल्द ठीक करें।",Semi-Urban,High,High,Hindi,both_clear,high
00318,Agriculture,Damaged farm equipment,data/raw/images/agriculture/damaged_farm_equipment/damaged_farm_equipment_002.jpg,Their is a problem related to damaged farm equipment near the railway station road.,Semi-Urban,Medium,Low,English,both_clear,high
00319,Agriculture,Damaged farm equipment,data/raw/images/agriculture/damaged_farm_equipment/damaged_farm_equipment_003.jpg,There is a problem related to damaged farm equipment at the crossing. This needs to be fixed urgently.,Rural,Medium,High,English,both_clear,high
00320,Agriculture,Damaged farm equipment,data/raw/images/agriculture/damaged_farm_equipment/damaged_farm_equipment_004.jpg,"Hamare area mein damaged farm equipment ki dikkat hai, school ke peeche.",Urban,Low,Low,Hinglish,complementary,high
00321,Agriculture,Damaged farm equipment,data/raw/images/agriculture/damaged_farm_equipment/damaged_farm_equipment_005.jpg,There is a problem related to damaged farm equipment next to the bus stop. This is causing a lot of trouble to residents. Plz look into this asap.,Semi-Urban,Medium,Medium,English,clear_text_unclear_image,medium
00322,Agriculture,Damaged farm equipment,data/raw/images/agriculture/damaged_farm_equipment/damaged_farm_equipment_006.jpg,पंचायत भवन के सामने एक गंभीर समस्या है जिसकी वजह Damaged farm equipment है।,Urban,Low,Medium,Hindi,both_clear,high
00323,Agriculture,Damaged farm equipment,data/raw/images/agriculture/damaged_farm_equipment/damaged_farm_equipment_007.jpg,"main road ke kinare damaged farm equipment ki problem hai kal se, please jaldi fix karo.",Urban,High,High,Hinglish,both_clear,high
00324,Agriculture,Damaged farm equipment,data/raw/images/agriculture/damaged_farm_equipment/damaged_farm_equipment_008.jpg,Damaged farm equipment has been a problem outside our house for almost a month. Please take action soon.,Urban,High,High,English,both_clear,high
00325,Agriculture,Damaged farm equipment,data/raw/images/agriculture/damaged_farm_equipment/damaged_farm_equipment_009.jpg,Damaged farm equipment has been a problem at the crossing for almost a month. This is right next to the market.,Semi-Urban,Medium,Medium,English,complementary,high
00326,Agriculture,Damaged farm equipment,data/raw/images/agriculture/damaged_farm_equipment/damaged_farm_equipment_010.jpg,"Hamare area mein damaged farm equipment ki dikkat hai, panchayat office ke saamne.",Semi-Urban,High,High,Hinglish,both_clear,high
00327,Agriculture,Damaged farm equipment,data/raw/images/agriculture/damaged_farm_equipment/damaged_farm_equipment_011.jpg,"हमें स्कूल के पीछे damaged farm equipment की दिक्कत हो रही है, कई दिनों से यह समस्या बनी हुई है।",Rural,High,High,Hindi,both_clear,high
00328,Agriculture,Damaged farm equipment,data/raw/images/agriculture/damaged_farm_equipment/damaged_farm_equipment_012.jpg,"हमारी गली के पास damaged farm equipment की समस्या है, कृपया जल्द ठीक करें।",Urban,High,High,Hindi,clear_text_unclear_image,medium
00329,Agriculture,Damaged farm equipment,data/raw/images/agriculture/damaged_farm_equipment/damaged_farm_equipment_013.jpg,Kindly send someone to check this place.,Rural,Medium,Medium,English,vague_text_clear_image,medium
00330,Agriculture,Damaged farm equipment,data/raw/images/agriculture/damaged_farm_equipment/damaged_farm_equipment_014.jpg,"हमें हमारी गली के पास damaged farm equipment की दिक्कत हो रही है, कई दिनों से यह समस्या बनी हुई है।",Urban,High,High,Hindi,clear_text_unclear_image,medium
00331,Agriculture,Soil or water related agricultural problem,data/raw/images/agriculture/soil_or_water_related_agricultural_problem/soil_or_water_related_agricultural_problem_000.jpg,"Hamare area mein soil or water related agricultural problem ki dikkat hai, main road ke kinare.",Rural,High,High,Hinglish,both_clear,high
00332,Agriculture,Soil or water related agricultural problem,data/raw/images/agriculture/soil_or_water_related_agricultural_problem/soil_or_water_related_agricultural_problem_001.jpg,We are facing an issue of soil or water related agricultural problem beside the main road for the past three days. Many families in the area are affected by this. We request the concerned department to inspect and resolve this at the earliest.,Urban,Low,Low,English,both_clear,high
00333,Agriculture,Soil or water related agricultural problem,data/raw/images/agriculture/soil_or_water_related_agricultural_problem/soil_or_water_related_agricultural_problem_002.jpg,Citizens are facing trouble due to soil or water related agricultural problem near the market. This is causing a lot of trouble to residents.,Urban,Low,Low,English,both_clear,high
00334,Agriculture,Soil or water related agricultural problem,data/raw/images/agriculture/soil_or_water_related_agricultural_problem/soil_or_water_related_agricultural_problem_003.jpg,Soil or water related agricultural problem has been a problem near the colony gate since last night. Please take action soon.,Semi-Urban,Low,Low,English,clear_text_unclear_image,medium
00335,Agriculture,Soil or water related agricultural problem,data/raw/images/agriculture/soil_or_water_related_agricultural_problem/soil_or_water_related_agricultural_problem_004.jpg,"Hamare area mein soil or water related agricultural problem ki dikkat hai, bazaar ke paas.",Rural,Medium,Medium,Hinglish,both_clear,high
00336,Agriculture,Soil or water related agricultural problem,data/raw/images/agriculture/soil_or_water_related_agricultural_problem/soil_or_water_related_agricultural_problem_005.jpg,There is a problem related to soil or water related agricultural problem near the railway station road. Many families in the area are affected by this. It would be great if someone could visit and check the situation. Plz look into this asap.,Semi-Urban,High,High,English,clear_text_unclear_image,medium
00337,Agriculture,Soil or water related agricultural problem,data/raw/images/agriculture/soil_or_water_related_agricultural_problem/soil_or_water_related_agricultural_problem_006.jpg,"There is some problem here, please check when possible.",Rural,High,High,English,vague_text_clear_image,medium
00338,Agriculture,Soil or water related agricultural problem,data/raw/images/agriculture/soil_or_water_related_agricultural_problem/soil_or_water_related_agricultural_problem_007.jpg,We are facing an issue of soil or water related agricultural problem near the market for several days. This is causing a lot of trouble to residents. Plz look into this asap.,Rural,High,High,English,clear_text_unclear_image,medium
00339,Agriculture,Soil or water related agricultural problem,data/raw/images/agriculture/soil_or_water_related_agricultural_problem/soil_or_water_related_agricultural_problem_008.jpg,There is a problem related to soil or water related agricultural problem outside our house. Please take action soon. Please fix it soon.,Urban,Low,Low,English,both_clear,high
00340,Agriculture,Soil or water related agricultural problem,data/raw/images/agriculture/soil_or_water_related_agricultural_problem/soil_or_water_related_agricultural_problem_009.jpg,कॉलोनी के गेट के पास एक गंभीर समस्या है जिसकी वजह Soil or water related agricultural problem है।,Semi-Urban,Low,Low,Hindi,both_clear,high
00341,Agriculture,Soil or water related agricultural problem,data/raw/images/agriculture/soil_or_water_related_agricultural_problem/soil_or_water_related_agricultural_problem_010.jpg,"colony gate ke paas soil or water related agricultural problem ki problem hai pichhle teen din se, please jaldi fix karo.",Urban,Medium,Medium,Hinglish,both_clear,high
00342,Agriculture,Soil or water related agricultural problem,data/raw/images/agriculture/soil_or_water_related_agricultural_problem/soil_or_water_related_agricultural_problem_011.jpg,There is a problem related to soil or water related agricultural problem at the crossing. Nobody from the authorities has visited yet.,Urban,High,High,English,clear_text_unclear_image,medium
00343,Agriculture,Soil or water related agricultural problem,data/raw/images/agriculture/soil_or_water_related_agricultural_problem/soil_or_water_related_agricultural_problem_012.jpg,"Sir/Madam, bus stop ke paas soil or water related agricultural problem ho raha hai, jaldi solve kijiye plz.",Rural,Low,Low,Hinglish,both_clear,high
00344,Agriculture,Soil or water related agricultural problem,data/raw/images/agriculture/soil_or_water_related_agricultural_problem/soil_or_water_related_agricultural_problem_013.jpg,We are facing an issue of soil or water related agricultural problem at the crossing for several days.,Urban,Low,Medium,English,clear_text_unclear_image,medium
00345,Agriculture,Soil or water related agricultural problem,data/raw/images/agriculture/soil_or_water_related_agricultural_problem/soil_or_water_related_agricultural_problem_014.jpg,"Hamare area mein soil or water related agricultural problem ki dikkat hai, bus stop ke paas.",Urban,Low,Medium,Hinglish,complementary,high
00346,Water Management,Water pipeline leakage,data/raw/images/water_management/water_pipeline_leakage/water_pipeline_leakage_000.jpg,"बस स्टॉप के पास की स्थिति बहुत खराब है, यह water pipeline leakage से जुड़ी समस्या है।",Urban,High,Medium,Hindi,complementary,high
00347,Water Management,Water pipeline leakage,data/raw/images/water_management/water_pipeline_leakage/water_pipeline_leakage_001.jpg,I want to report water is leaking continuously from the pipeline behind the school. It's affecting a lot of families nearby.,Rural,High,High,English,complementary,high
00348,Water Management,Water pipeline leakage,data/raw/images/water_management/water_pipeline_leakage/water_pipeline_leakage_002.jpg,I want to report the pipeline near the railway station road is leaking and wasting a lot of water. Plz look into this asap. It's affecting a lot of families nearby.,Rural,High,High,English,complementary,high
00349,Water Management,Water pipeline leakage,data/raw/images/water_management/water_pipeline_leakage/water_pipeline_leakage_003.jpg,Kindly send someone to check this place.,Semi-Urban,Low,Medium,English,vague_text_clear_image,medium
00350,Water Management,Water pipeline leakage,data/raw/images/water_management/water_pipeline_leakage/water_pipeline_leakage_004.jpg,Just reporting that there is there has been a water leakage near the market for several days. Many families in the area are affected by this. We have complained before but no action has been taken. Plz look into this asap.,Urban,Low,Low,English,clear_text_unclear_image,medium
00351,Water Management,Water pipeline leakage,data/raw/images/water_management/water_pipeline_leakage/water_pipeline_leakage_005.jpg,"मुख्य सड़क के किनारे water pipeline leakage की समस्या है, कृपया जल्द ठीक करें।",Rural,Medium,Low,Hindi,both_clear,high
00352,Water Management,Water pipeline leakage,data/raw/images/water_management/water_pipeline_leakage/water_pipeline_leakage_006.jpg,"Sir/Madam, panchayat office ke saamne water pipeline leakage ho raha hai, jaldi solve kijiye plz.",Rural,High,High,Hinglish,both_clear,high
00353,Water Management,Water pipeline leakage,data/raw/images/water_management/water_pipeline_leakage/water_pipeline_leakage_007.jpg,This has been an issue for a while now.,Semi-Urban,High,High,English,vague_text_clear_image,medium
00354,Water Management,Water pipeline leakage,data/raw/images/water_management/water_pipeline_leakage/water_pipeline_leakage_008.jpg,"Sir/Madam, colony gate ke paas water pipeline leakage ho raha h, jaldi solve kijiye plz.",Urban,High,High,Hinglish,complementary,high
00355,Water Management,Water pipeline leakage,data/raw/images/water_management/water_pipeline_leakage/water_pipeline_leakage_009.jpg,There is the pipeline next to the bus stop is leaking and wasting a lot of water. Nobody from the authorities has visited yet. No one has come to check yet.,Rural,Low,Medium,English,both_clear,high
00356,Water Management,Water pipeline leakage,data/raw/images/water_management/water_pipeline_leakage/water_pipeline_leakage_010.jpg,"Sir/Madam, there is there has been a water leakage near the colony gate for several days. This is causing a lot of trouble to residents.",Urban,Medium,Medium,English,both_clear,high
00357,Water Management,Water pipeline leakage,data/raw/images/water_management/water_pipeline_leakage/water_pipeline_leakage_011.jpg,"Hamare area mein water pipeline leakage ki dikkat hai, hamari gali ke paas.",Urban,High,High,Hinglish,both_clear,high
00358,Water Management,Water pipeline leakage,data/raw/images/water_management/water_pipeline_leakage/water_pipeline_leakage_012.jpg,"Sir/Madam, colony gate ke paas water pipeline leakage ho raha hai, jaldi solve kijiye plz.",Rural,Medium,Medium,Hinglish,clear_text_unclear_image,medium
00359,Water Management,Water pipeline leakage,data/raw/images/water_management/water_pipeline_leakage/water_pipeline_leakage_013.jpg,Not sure who to contact but this needs attention.,Urban,High,Medium,English,vague_text_clear_image,medium
00360,Water Management,Water pipeline leakage,data/raw/images/water_management/water_pipeline_leakage/water_pipeline_leakage_014.jpg,हमारी गली के पास एक गंभीर समस्या है जिसकी वजह Water pipeline leakage है।,Rural,Low,Medium,Hindi,both_clear,high
00361,Water Management,Broken water pipe,data/raw/images/water_management/broken_water_pipe/broken_water_pipe_000.jpg,Citizens are facing trouble due to broken water pipe at the crossing. Please take action soon.,Semi-Urban,Medium,Medium,English,both_clear,high
00362,Water Management,Broken water pipe,data/raw/images/water_management/broken_water_pipe/broken_water_pipe_001.jpg,बाजार के पास एक गंभीर समस्या है जिसकी वजह Broken water pipe है।,Rural,Medium,High,Hindi,both_clear,high
00363,Water Management,Broken water pipe,data/raw/images/water_management/broken_water_pipe/broken_water_pipe_002.jpg,Not sure who to contact but this needs attention.,Semi-Urban,Medium,Medium,English,vague_text_clear_image,medium
00364,Water Management,Broken water pipe,data/raw/images/water_management/broken_water_pipe/broken_water_pipe_003.jpg,"हमें बस स्टॉप के पास broken water pipe की दिक्कत हो रही है, कई दिनों से यह समस्या बनी हुई है।",Urban,Medium,High,Hindi,clear_text_unclear_image,medium
00365,Water Management,Broken water pipe,data/raw/images/water_management/broken_water_pipe/broken_water_pipe_004.jpg,"Yeh broken water pipe wali problem school ke peeche ek mahine se se hai, koi dekhne nahi aaya abhi tak.",Semi-Urban,High,Medium,Hinglish,both_clear,high
00366,Water Management,Broken water pipe,data/raw/images/water_management/broken_water_pipe/broken_water_pipe_005.jpg,Kindly send someone to check this place.,Semi-Urban,High,Medium,Hinglish,vague_text_clear_image,medium
00368,Water Management,Broken water pipe,data/raw/images/water_management/broken_water_pipe/broken_water_pipe_007.jpg,"पंचायत भवन के सामने broken water pipe की समस्या है, कृपया जल्द ठीक करें।",Urban,High,High,Hindi,both_clear,high
00369,Water Management,Broken water pipe,data/raw/images/water_management/broken_water_pipe/broken_water_pipe_008.jpg,"Sir/Madam, bazaar ke paas broken water pipe ho raha hai, jaldi solve kijiye plz.",Urban,Low,Low,Hinglish,both_clear,high
00370,Water Management,Broken water pipe,data/raw/images/water_management/broken_water_pipe/broken_water_pipe_009.jpg,"Citizens are facing trouble due to broken water pipe near the colony gate. This is causing a lot of trouble to residents, especially elderly people and children. We request the concerned department to inspect and resolve this at the earliest.",Semi-Urban,Medium,Low,English,both_clear,high
00371,Water Management,Broken water pipe,data/raw/images/water_management/broken_water_pipe/broken_water_pipe_010.jpg,Broken water pipe has been a problem near the colony gate for over a week. Many families in the area are affected by this. We have complained before but no action has been taken. Please fix it soon.,Urban,High,High,English,clear_text_unclear_image,medium
00372,Water Management,Broken water pipe,data/raw/images/water_management/broken_water_pipe/broken_water_pipe_011.jpg,We are facing an issue of broken water pipe near the colony gate for the past three days. Nobody from the authorities has visited yet. Please fix it soon.,Rural,High,Medium,English,both_clear,high
00373,Water Management,Broken water pipe,data/raw/images/water_management/broken_water_pipe/broken_water_pipe_012.jpg,"Broken water pipe has been a problem behind the school for the past three days. This is causing a lot of trouble to residents, especially elderly people and children. We request the concerned department to inspect and resolve this at the earliest.",Rural,Low,Low,English,clear_text_unclear_image,medium
00374,Water Management,Broken water pipe,data/raw/images/water_management/broken_water_pipe/broken_water_pipe_013.jpg,Broken water pipe has been a problem near the colony gate since last night. Please fix it soon.,Urban,Medium,Medium,English,both_clear,high
00375,Water Management,Broken water pipe,data/raw/images/water_management/broken_water_pipe/broken_water_pipe_014.jpg,स्कूल के पीछे एक गंभीर समस्या है जिसकी वजह Broken water pipe है।,Semi-Urban,High,High,Hindi,both_clear,high
00376,Water Management,Overflowing water tank,data/raw/images/water_management/overflowing_water_tank/overflowing_water_tank_000.jpg,"Citizens are facing trouble due to overflowing water tank near the market. No one has come to check yet. Also, this has gotten worse since last week.",Semi-Urban,Medium,Medium,English,complementary,high
00377,Water Management,Overflowing water tank,data/raw/images/water_management/overflowing_water_tank/overflowing_water_tank_001.jpg,"स्कूल के पीछे की स्थिति बहुत खराब है, यह overflowing water tank से जुड़ी समस्या है।",Rural,Medium,High,Hindi,clear_text_unclear_image,medium
00378,Water Management,Overflowing water tank,data/raw/images/water_management/overflowing_water_tank/overflowing_water_tank_002.jpg,Overflowing water tank has been a problem near the colony gate for several days. Please take action soon.,Semi-Urban,High,Medium,English,both_clear,high
00379,Water Management,Overflowing water tank,data/raw/images/water_management/overflowing_water_tank/overflowing_water_tank_003.jpg,"Hamare area mein overflowing water tank ki dikkat h, hamari gali ke paas.",Semi-Urban,Medium,Medium,Hinglish,both_clear,high
00380,Water Management,Overflowing water tank,data/raw/images/water_management/overflowing_water_tank/overflowing_water_tank_004.jpg,"Sir/Madam, panchayat office ke saamne overflowing water tank ho raha hai, jaldi solve kijiye plz.",Rural,Low,Low,Hinglish,both_clear,high
00381,Water Management,Overflowing water tank,data/raw/images/water_management/overflowing_water_tank/overflowing_water_tank_005.jpg,"हमें स्कूल के पीछे overflowing water tank की दिक्कत हो रही है, कई दिनों से यह समस्या बनी हुई है।",Semi-Urban,High,High,Hindi,both_clear,high
00382,Water Management,Overflowing water tank,data/raw/images/water_management/overflowing_water_tank/overflowing_water_tank_006.jpg,"school ke peeche overflowing water tank ki problem hai pichhle teen din se, please jaldi fix karo.",Urban,High,High,Hinglish,both_clear,high
00383,Water Management,Overflowing water tank,data/raw/images/water_management/overflowing_water_tank/overflowing_water_tank_007.jpg,"हमें हमारे गाँव के नज़दीक overflowing water tank की दिक्कत हो रही है, कई दिनों से यह समस्या बनी हुई है।",Urban,High,High,Hindi,both_clear,high
00384,Water Management,Overflowing water tank,data/raw/images/water_management/overflowing_water_tank/overflowing_water_tank_008.jpg,There is a problem related to overflowing water tank beside the main road.,Semi-Urban,High,Medium,English,both_clear,high
00385,Water Management,Overflowing water tank,data/raw/images/water_management/overflowing_water_tank/overflowing_water_tank_009.jpg,हमारी गली के पास एक गंभीर समस्या है जिसकी वजह Overflowing water tank है।,Semi-Urban,High,High,Hindi,complementary,high
00386,Water Management,Overflowing water tank,data/raw/images/water_management/overflowing_water_tank/overflowing_water_tank_010.jpg,There is a problem related to overflowing water tank in front of the panchayat office. This is causing a lot of trouble to residents.,Rural,Medium,Low,English,both_clear,high
00387,Water Management,Overflowing water tank,data/raw/images/water_management/overflowing_water_tank/overflowing_water_tank_011.jpg,Citizens are facing trouble due to overflowing water tank near the market.,Urban,High,High,English,clear_text_unclear_image,medium
00389,Water Management,Overflowing water tank,data/raw/images/water_management/overflowing_water_tank/overflowing_water_tank_013.jpg,"Their is a problem related to overflowing water tank next to the bus stop. Also, this has gotten worse since last week.",Urban,High,Medium,English,complementary,high
00390,Water Management,Overflowing water tank,data/raw/images/water_management/overflowing_water_tank/overflowing_water_tank_014.jpg,"There is a problem related to overflowing water tank near our street. This is causing a lot of trouble to residents, especially elderly people and children. We request the concerned department to inspect and resolve this at the earliest.",Semi-Urban,High,High,English,both_clear,high
00391,Water Management,Contaminated water source,data/raw/images/water_management/contaminated_water_source/contaminated_water_source_000.jpg,Contaminated water source has been a problem near our street for the past three days. Many families in the area are affected by this. It would be great if someone could visit and check the situation.,Rural,Low,Low,English,both_clear,high
00392,Water Management,Contaminated water source,data/raw/images/water_management/contaminated_water_source/contaminated_water_source_001.jpg,Citizens are facing trouble due to contaminated water source near our street.,Semi-Urban,High,Medium,English,clear_text_unclear_image,medium
00393,Water Management,Contaminated water source,data/raw/images/water_management/contaminated_water_source/contaminated_water_source_002.jpg,"हमें कॉलोनी के गेट के पास contaminated water source की दिक्कत हो रही है, कई दिनों से यह समस्या बनी हुई है।",Semi-Urban,High,High,Hindi,both_clear,high
00394,Water Management,Contaminated water source,data/raw/images/water_management/contaminated_water_source/contaminated_water_source_003.jpg,There is a problem related to contaminated water source beside the main road. Many families in the area are affected by this. We have complained before but no action has been taken.,Semi-Urban,High,High,English,clear_text_unclear_image,medium
00395,Water Management,Contaminated water source,data/raw/images/water_management/contaminated_water_source/contaminated_water_source_004.jpg,This has been an issue for a while now.,Urban,High,High,English,vague_text_clear_image,medium
00396,Water Management,Contaminated water source,data/raw/images/water_management/contaminated_water_source/contaminated_water_source_005.jpg,Contaminated water source has been a problem near the market since last night. Many families in the area are affected by this. We request the concerned department to inspect and resolve this at the earliest.,Urban,Low,Low,English,both_clear,high
00397,Water Management,Contaminated water source,data/raw/images/water_management/contaminated_water_source/contaminated_water_source_006.jpg,Kindly send someone to check this place.,Semi-Urban,Medium,Low,English,vague_text_clear_image,medium
00398,Water Management,Contaminated water source,data/raw/images/water_management/contaminated_water_source/contaminated_water_source_007.jpg,"Hamare area mein contaminated water source ki dikkat h, bus stop ke paas.",Rural,High,High,Hinglish,clear_text_unclear_image,medium
00399,Water Management,Contaminated water source,data/raw/images/water_management/contaminated_water_source/contaminated_water_source_008.jpg,There is a problem related to contaminated water source beside the main road. This needs to be fixed urgently.,Urban,Low,Medium,English,both_clear,high
00400,Water Management,Contaminated water source,data/raw/images/water_management/contaminated_water_source/contaminated_water_source_009.jpg,We are facing an issue of contaminated water source in front of the panchayat office since last night. This needs to be fixed urgently.,Urban,High,Medium,English,both_clear,high
00401,Water Management,Contaminated water source,data/raw/images/water_management/contaminated_water_source/contaminated_water_source_010.jpg,"बस स्टॉप के पास contaminated water source की समस्या है, कृपया जल्द ठीक करें।",Semi-Urban,High,High,Hindi,both_clear,high
00402,Water Management,Contaminated water source,data/raw/images/water_management/contaminated_water_source/contaminated_water_source_011.jpg,"gaon ke nazdeek contaminated water source ki problem hai ek mahine se, please jaldi fix karo.",Urban,High,High,Hinglish,both_clear,high
00403,Water Management,Contaminated water source,data/raw/images/water_management/contaminated_water_source/contaminated_water_source_012.jpg,"We are facing an issue of contaminated water source behind the school for two weeks now. This is causing a lot of trouble to residents, especially elderly people and children. It would be great if someone could visit and check the situation.",Semi-Urban,High,High,English,both_clear,high
00404,Water Management,Contaminated water source,data/raw/images/water_management/contaminated_water_source/contaminated_water_source_013.jpg,"There is a problem related to contaminated water source near our street. Also, this has gotten worse since last week.",Rural,High,High,English,complementary,high
00405,Water Management,Contaminated water source,data/raw/images/water_management/contaminated_water_source/contaminated_water_source_014.jpg,"कॉलोनी के गेट के पास की स्थिति बहुत खराब है, यह contaminated water source से जुड़ी समस्या है।",Urban,High,Medium,Hindi,both_clear,high
00406,Water Management,Damaged public water tap,data/raw/images/water_management/damaged_public_water_tap/damaged_public_water_tap_000.jpg,We are facing an issue of damaged public water tap near the colony gate for two weeks now.,Rural,Medium,Low,English,both_clear,high
00407,Water Management,Damaged public water tap,data/raw/images/water_management/damaged_public_water_tap/damaged_public_water_tap_001.jpg,There is a problem related to damaged public water tap near the market. Many families in the area are affected by this. We request the concerned department to inspect and resolve this at the earliest.,Urban,Low,Medium,English,both_clear,high
00408,Water Management,Damaged public water tap,data/raw/images/water_management/damaged_public_water_tap/damaged_public_water_tap_002.jpg,"colony gate ke paas damaged public water tap ki problem hai pichhle teen din se, please jaldi fix karo.",Semi-Urban,Low,Low,Hinglish,clear_text_unclear_image,medium
00409,Water Management,Damaged public water tap,data/raw/images/water_management/damaged_public_water_tap/damaged_public_water_tap_003.jpg,"हमें कॉलोनी के गेट के पास damaged public water tap की दिक्कत हो रही है, कई दिनों से यह समस्या बनी हुई है।",Rural,Low,Low,Hindi,clear_text_unclear_image,medium
00410,Water Management,Damaged public water tap,data/raw/images/water_management/damaged_public_water_tap/damaged_public_water_tap_004.jpg,बस स्टॉप के पास एक गंभीर समस्या है जिसकी वजह Damaged public water tap है।,Urban,High,High,Hindi,both_clear,high
00411,Water Management,Damaged public water tap,data/raw/images/water_management/damaged_public_water_tap/damaged_public_water_tap_005.jpg,मुख्य सड़क के किनारे एक गंभीर समस्या है जिसकी वजह Damaged public water tap है।,Rural,Medium,Low,Hindi,both_clear,high
00412,Water Management,Damaged public water tap,data/raw/images/water_management/damaged_public_water_tap/damaged_public_water_tap_006.jpg,Citizens are facing trouble due to damaged public water tap near the market. This needs to be fixed urgently.,Semi-Urban,High,High,English,both_clear,high
00413,Water Management,Damaged public water tap,data/raw/images/water_management/damaged_public_water_tap/damaged_public_water_tap_007.jpg,Damaged public water tap has been a problem near the colony gate since last night. Please take action soon.,Urban,High,Medium,English,clear_text_unclear_image,medium
00414,Water Management,Damaged public water tap,data/raw/images/water_management/damaged_public_water_tap/damaged_public_water_tap_008.jpg,"Yeh damaged public water tap wali problem panchayat office ke saamne pichhle teen din se se h, koi dekhne nahi aaya abhi tak.",Semi-Urban,High,High,Hinglish,both_clear,high
00415,Water Management,Damaged public water tap,data/raw/images/water_management/damaged_public_water_tap/damaged_public_water_tap_009.jpg,"We are facing an issue of damaged public water tap near the railway station road for over a week. This is causing a lot of trouble to residents, especially elderly people and children. We request the concerned department to inspect and resolve this at the earliest.",Semi-Urban,Medium,Low,English,clear_text_unclear_image,medium
00416,Water Management,Damaged public water tap,data/raw/images/water_management/damaged_public_water_tap/damaged_public_water_tap_010.jpg,"There is some problem here, please check when possible.",Rural,High,Medium,Hinglish,vague_text_clear_image,medium
00417,Water Management,Damaged public water tap,data/raw/images/water_management/damaged_public_water_tap/damaged_public_water_tap_011.jpg,Damaged public water tap has been a problem near the colony gate for two weeks now. This is right next to the school.,Rural,Medium,High,English,complementary,high
00418,Water Management,Damaged public water tap,data/raw/images/water_management/damaged_public_water_tap/damaged_public_water_tap_012.jpg,"hamari gali ke paas damaged public water tap ki problem hai kal raat se, please jaldi fix karo.",Semi-Urban,Medium,Low,Hinglish,complementary,high
00419,Water Management,Damaged public water tap,data/raw/images/water_management/damaged_public_water_tap/damaged_public_water_tap_013.jpg,We are facing an issue of damaged public water tap outside our house for almost a month.,Urban,High,High,English,both_clear,high
00420,Water Management,Damaged public water tap,data/raw/images/water_management/damaged_public_water_tap/damaged_public_water_tap_014.jpg,"बस स्टॉप के पास damaged public water tap की समस्या है, कृपया जल्द ठीक करें।",Rural,Low,Low,Hindi,complementary,high
00421,Water Management,Water shortage,data/raw/images/water_management/water_shortage/water_shortage_000.jpg,Citizens are facing trouble due to water shortage beside the main road.,Semi-Urban,Medium,High,English,both_clear,high
00422,Water Management,Water shortage,data/raw/images/water_management/water_shortage/water_shortage_001.jpg,Citizens are facing trouble due to water shortage next to the bus stop. Please take action soon. No one has come to check yet.,Semi-Urban,Medium,Low,English,both_clear,high
00423,Water Management,Water shortage,data/raw/images/water_management/water_shortage/water_shortage_002.jpg,"Something is wrong in our area, someone should look into it.",Urban,Medium,High,English,vague_text_clear_image,medium
00424,Water Management,Water shortage,data/raw/images/water_management/water_shortage/water_shortage_003.jpg,We are facing an issue of water shortage near the railway station road since last night.,Rural,Low,Low,English,both_clear,high
00425,Water Management,Water shortage,data/raw/images/water_management/water_shortage/water_shortage_004.jpg,"Sir/Madam, main road ke kinare water shortage ho raha hai, jaldi solve kijiye plz.",Rural,Low,Medium,Hinglish,clear_text_unclear_image,medium
00426,Water Management,Water shortage,data/raw/images/water_management/water_shortage/water_shortage_005.jpg,"Citizens are facing trouble due to water shortage near the market. This is causing a lot of trouble to residents, especially elderly people and children. It would be great if someone could visit and check the situation.",Urban,Medium,Medium,English,clear_text_unclear_image,medium
00427,Water Management,Water shortage,data/raw/images/water_management/water_shortage/water_shortage_006.jpg,"Yeh water shortage wali problem bus stop ke paas ek hafte se se hai, koi dekhne nahi aaya abhi tak.",Rural,Medium,Medium,Hinglish,both_clear,high
00428,Water Management,Water shortage,data/raw/images/water_management/water_shortage/water_shortage_007.jpg,कॉलोनी के गेट के पास एक गंभीर समस्या है जिसकी वजह Water shortage है।,Urban,Medium,Low,Hindi,clear_text_unclear_image,medium
00429,Water Management,Water shortage,data/raw/images/water_management/water_shortage/water_shortage_008.jpg,"बस स्टॉप के पास की स्थिति बहुत खराब है, यह water shortage से जुड़ी समस्या है।",Urban,High,High,Hindi,both_clear,high
00431,Water Management,Water shortage,data/raw/images/water_management/water_shortage/water_shortage_010.jpg,"Yeh water shortage wali problem bazaar ke paas kal raat se se hai, koi dekhne nahi aaya abhi tak.",Semi-Urban,High,Medium,Hinglish,both_clear,high
00432,Water Management,Water shortage,data/raw/images/water_management/water_shortage/water_shortage_011.jpg,"Hamare area mein water shortage ki dikkat hai, colony gate ke paas.",Urban,Medium,High,Hinglish,both_clear,high
00433,Water Management,Water shortage,data/raw/images/water_management/water_shortage/water_shortage_012.jpg,"हमें कॉलोनी के गेट के पास water shortage की दिक्कत हो रही है, कई दिनों से यह समस्या बनी हुई है।",Semi-Urban,Low,Medium,Hindi,both_clear,high
00434,Water Management,Water shortage,data/raw/images/water_management/water_shortage/water_shortage_013.jpg,There is a problem related to water shortage outside our house. Nobody from the authorities has visited yet.,Semi-Urban,Low,Low,English,both_clear,high
00435,Water Management,Water shortage,data/raw/images/water_management/water_shortage/water_shortage_014.jpg,Not sure who to contact but this needs attention.,Urban,High,High,Hinglish,vague_text_clear_image,medium
00436,Water Management,Broken hand pump,data/raw/images/water_management/broken_hand_pump/broken_hand_pump_000.jpg,"There is some problem here, please check when possible.",Rural,Low,Low,English,vague_text_clear_image,medium
00437,Water Management,Broken hand pump,data/raw/images/water_management/broken_hand_pump/broken_hand_pump_001.jpg,"Sir/Madam, gaon ke nazdeek broken hand pump ho raha hai, jaldi solve kijiye plz.",Urban,Medium,Medium,Hinglish,both_clear,high
00438,Water Management,Broken hand pump,data/raw/images/water_management/broken_hand_pump/broken_hand_pump_002.jpg,Just reporting that there is the hand pump next to the bus stop needs urgent repair. This is causing a lot of trouble to residents.,Urban,Low,Low,English,both_clear,high
00439,Water Management,Broken hand pump,data/raw/images/water_management/broken_hand_pump/broken_hand_pump_003.jpg,"colony gate ke paas broken hand pump ki problem hai ek hafte se, please jaldi fix karo.",Urban,Medium,Medium,Hinglish,complementary,high
00440,Water Management,Broken hand pump,data/raw/images/water_management/broken_hand_pump/broken_hand_pump_004.jpg,"बस स्टॉप के पास broken hand pump की समस्या है, कृपया जल्द ठीक करें।",Urban,Low,Low,Hindi,both_clear,high
00441,Water Management,Broken hand pump,data/raw/images/water_management/broken_hand_pump/broken_hand_pump_005.jpg,"I want to report the hand pump close to our village is broken for the past three days. This is causing a lot of trouble to residents, especially elderly people and children. It would be great if someone could visit and check the situation.",Rural,High,Medium,English,both_clear,high
00442,Water Management,Broken hand pump,data/raw/images/water_management/broken_hand_pump/broken_hand_pump_006.jpg,कॉलोनी के गेट के पास एक गंभीर समस्या है जिसकी वजह Broken hand pump है।,Semi-Urban,Low,Low,Hindi,complementary,high
00443,Water Management,Broken hand pump,data/raw/images/water_management/broken_hand_pump/broken_hand_pump_007.jpg,"हमें स्कूल के पीछे broken hand pump की दिक्कत हो रही है, कई दिनों से यह समस्या बनी हुई है।",Rural,Medium,High,Hindi,complementary,high
00444,Water Management,Broken hand pump,data/raw/images/water_management/broken_hand_pump/broken_hand_pump_008.jpg,"Hamare area mein broken hand pump ki dikkat hai, bus stop ke paas.",Rural,Low,Low,Hinglish,complementary,high
00445,Water Management,Broken hand pump,data/raw/images/water_management/broken_hand_pump/broken_hand_pump_009.jpg,"Something is wrong in our area, someone should look into it.",Semi-Urban,Medium,Low,Hindi,vague_text_clear_image,medium
00446,Water Management,Broken hand pump,data/raw/images/water_management/broken_hand_pump/broken_hand_pump_010.jpg,I want to report the hand pump at the crossing needs urgent repair. Please fix it soon.,Rural,High,Medium,English,both_clear,high
00448,Water Management,Broken hand pump,data/raw/images/water_management/broken_hand_pump/broken_hand_pump_012.jpg,"Yeh broken hand pump wali problem school ke peeche kal se se h, koi dekhne nahi aaya abhi tak.",Urban,Medium,Medium,Hinglish,both_clear,high
00449,Water Management,Broken hand pump,data/raw/images/water_management/broken_hand_pump/broken_hand_pump_013.jpg,"hamari gali ke paas broken hand pump ki problem hai pichhle teen din se, please jaldi fix karo.",Urban,Low,Low,Hinglish,both_clear,high
00450,Water Management,Broken hand pump,data/raw/images/water_management/broken_hand_pump/broken_hand_pump_014.jpg,There's the hand pump near the market is broken for several days. Please take action soon. Plz look into this asap.,Semi-Urban,High,High,English,clear_text_unclear_image,medium
00451,Water Management,Flooded water infrastructure,data/raw/images/water_management/flooded_water_infrastructure/flooded_water_infrastructure_000.jpg,"Sir/Madam, bus stop ke paas flooded water infrastructure ho raha hai, jaldi solve kijiye plz.",Rural,High,High,Hinglish,complementary,high
00452,Water Management,Flooded water infrastructure,data/raw/images/water_management/flooded_water_infrastructure/flooded_water_infrastructure_001.jpg,"स्कूल के पीछे flooded water infrastructure की समस्या है, कृपया जल्द ठीक करें।",Semi-Urban,High,High,Hindi,complementary,high
00453,Water Management,Flooded water infrastructure,data/raw/images/water_management/flooded_water_infrastructure/flooded_water_infrastructure_002.jpg,कॉलोनी के गेट के पास एक गंभीर समस्या है जिसकी वजह Flooded water infrastructure है।,Urban,Low,Medium,Hindi,both_clear,high
00454,Water Management,Flooded water infrastructure,data/raw/images/water_management/flooded_water_infrastructure/flooded_water_infrastructure_003.jpg,Flooded water infrastructure has been a problem near the colony gate for almost a month. Nobody from the authorities has visited yet.,Semi-Urban,High,High,English,both_clear,high
00455,Water Management,Flooded water infrastructure,data/raw/images/water_management/flooded_water_infrastructure/flooded_water_infrastructure_004.jpg,There is a problem related to flooded water infrastructure at the crossing. Please take action soon.,Urban,Low,Low,English,clear_text_unclear_image,medium
00456,Water Management,Flooded water infrastructure,data/raw/images/water_management/flooded_water_infrastructure/flooded_water_infrastructure_005.jpg,There is a problem related to flooded water infrastructure behind the school. Children and elderly people use this path daily.,Semi-Urban,Low,Medium,English,complementary,high
00457,Water Management,Flooded water infrastructure,data/raw/images/water_management/flooded_water_infrastructure/flooded_water_infrastructure_006.jpg,"Sir/Madam, hamari gali ke paas flooded water infrastructure ho raha hai, jaldi solve kijiye plz.",Urban,Low,Low,Hinglish,both_clear,high
00458,Water Management,Flooded water infrastructure,data/raw/images/water_management/flooded_water_infrastructure/flooded_water_infrastructure_007.jpg,"Something is wrong in our area, someone should look into it.",Semi-Urban,High,Medium,English,vague_text_clear_image,medium
00459,Water Management,Flooded water infrastructure,data/raw/images/water_management/flooded_water_infrastructure/flooded_water_infrastructure_008.jpg,"स्कूल के पीछे की स्थिति बहुत खराब है, यह flooded water infrastructure से जुड़ी समस्या है।",Semi-Urban,High,Medium,Hindi,both_clear,high
00460,Water Management,Flooded water infrastructure,data/raw/images/water_management/flooded_water_infrastructure/flooded_water_infrastructure_009.jpg,We are facing an issue of flooded water infrastructure behind the school for the past three days. Please take action soon.,Urban,Medium,High,English,both_clear,high
00461,Water Management,Flooded water infrastructure,data/raw/images/water_management/flooded_water_infrastructure/flooded_water_infrastructure_010.jpg,Citizens are facing trouble due to flooded water infrastructure close to our village. This needs to be fixed urgently.,Rural,Medium,Low,English,clear_text_unclear_image,medium
00462,Water Management,Flooded water infrastructure,data/raw/images/water_management/flooded_water_infrastructure/flooded_water_infrastructure_011.jpg,There is a problem related to flooded water infrastructure close to our village.,Rural,High,High,English,both_clear,high
00463,Water Management,Flooded water infrastructure,data/raw/images/water_management/flooded_water_infrastructure/flooded_water_infrastructure_012.jpg,Citizens are facing trouble due to flooded water infrastructure in front of the panchayat office. This needs to be fixed urgently.,Rural,High,High,English,both_clear,high
00464,Water Management,Flooded water infrastructure,data/raw/images/water_management/flooded_water_infrastructure/flooded_water_infrastructure_013.jpg,Flooded water infrastructure has been a problem near the railway station road for over a week. Many families in the area are affected by this. We request the concerned department to inspect and resolve this at the earliest. Plz look into this asap.,Semi-Urban,High,Medium,English,both_clear,high
00465,Water Management,Flooded water infrastructure,data/raw/images/water_management/flooded_water_infrastructure/flooded_water_infrastructure_014.jpg,Flooded water infrastructure has been a problem at the crossing for over a week. This is causing a lot of trouble to residents.,Rural,High,High,English,both_clear,high
00466,Sanitation,Open drain,data/raw/images/sanitation/open_drain/open_drain_000.jpg,Just reporting that there is the open drain near the colony gate is causing bad smell. This is causing a lot of trouble to residents.,Rural,Medium,Medium,English,both_clear,high
00467,Sanitation,Open drain,data/raw/images/sanitation/open_drain/open_drain_001.jpg,"Sir/Madam, hamari gali ke paas open drain ho raha hai, jaldi solve kijiye plz.",Rural,Medium,High,Hinglish,both_clear,high
00468,Sanitation,Open drain,data/raw/images/sanitation/open_drain/open_drain_002.jpg,"Sir/Madam, there is there is an open drain at the crossing, someone could fall in. This is causing a lot of trouble to residents, especially elderly people and children. It would be great if someone could visit and check the situation. Plz look into this asap.",Urban,Low,Low,English,both_clear,high
00469,Sanitation,Open drain,data/raw/images/sanitation/open_drain/open_drain_003.jpg,Just reporting that tehre is teh drain near teh railway station road is open and it's dangerous for children. This needs to be fixed urgently.,Rural,Medium,Medium,English,both_clear,high
00470,Sanitation,Open drain,data/raw/images/sanitation/open_drain/open_drain_004.jpg,Just reporting that there is the open drain near the colony gate is causing bad smell. Plz look into this asap.,Rural,Medium,Medium,English,both_clear,high
00471,Sanitation,Open drain,data/raw/images/sanitation/open_drain/open_drain_005.jpg,There's the drain behind the school is open and it's dangerous for children. This needs to be fixed urgently.,Urban,Low,Medium,English,both_clear,high
00472,Sanitation,Open drain,data/raw/images/sanitation/open_drain/open_drain_006.jpg,"Something is wrong in our area, someone should look into it.",Urban,Medium,Medium,Hindi,vague_text_clear_image,medium
00473,Sanitation,Open drain,data/raw/images/sanitation/open_drain/open_drain_007.jpg,I want to report the open drain close to our village is causing bad smell. This is causing a lot of trouble to residents.,Rural,Medium,Medium,English,both_clear,high
00474,Sanitation,Open drain,data/raw/images/sanitation/open_drain/open_drain_008.jpg,"पंचायत भवन के सामने open drain की समस्या है, कृपया जल्द ठीक करें।",Urban,Medium,Low,Hindi,both_clear,high
00475,Sanitation,Open drain,data/raw/images/sanitation/open_drain/open_drain_009.jpg,"हमारी गली के पास open drain की समस्या है, कृपया जल्द ठीक करें।",Semi-Urban,Low,Medium,Hindi,both_clear,high
00476,Sanitation,Open drain,data/raw/images/sanitation/open_drain/open_drain_010.jpg,We have noticed the open drain at the crossing is causing bad smell.,Semi-Urban,Medium,High,English,both_clear,high
00477,Sanitation,Open drain,data/raw/images/sanitation/open_drain/open_drain_011.jpg,"panchayat office ke saamne open drain ki problem hai do hafte se, please jaldi fix karo.",Semi-Urban,Low,Low,Hinglish,both_clear,high
00478,Sanitation,Open drain,data/raw/images/sanitation/open_drain/open_drain_012.jpg,"बाजार के पास open drain की समस्या है, कृपया जल्द ठीक करें।",Rural,High,Medium,Hindi,both_clear,high
00479,Sanitation,Open drain,data/raw/images/sanitation/open_drain/open_drain_013.jpg,"Sir/Madam, there is there is an open drain close to our village, someone could fall in.",Semi-Urban,Low,Low,English,both_clear,high
00480,Sanitation,Open drain,data/raw/images/sanitation/open_drain/open_drain_014.jpg,हमारी गली के पास एक गंभीर समस्या है जिसकी वजह Open drain है।,Urban,High,Medium,Hindi,both_clear,high
00481,Sanitation,Blocked drain,data/raw/images/sanitation/blocked_drain/blocked_drain_000.jpg,"हमें हमारी गली के पास blocked drain की दिक्कत हो रही है, कई दिनों से यह समस्या बनी हुई है।",Semi-Urban,High,Medium,Hindi,clear_text_unclear_image,medium
00482,Sanitation,Blocked drain,data/raw/images/sanitation/blocked_drain/blocked_drain_001.jpg,"Yeh blocked drain wali problem bus stop ke paas kal raat se se hai, koi dekhne nahi aaya abhi tak.",Urban,Medium,High,Hinglish,both_clear,high
00483,Sanitation,Blocked drain,data/raw/images/sanitation/blocked_drain/blocked_drain_002.jpg,There is a problem related to blocked drain close to our village. This is causing a lot of trouble to residents.,Semi-Urban,High,High,English,both_clear,high
00484,Sanitation,Blocked drain,data/raw/images/sanitation/blocked_drain/blocked_drain_003.jpg,"gaon ke nazdeek blocked drain ki problem hai pichhle teen din se, please jaldi fix karo.",Rural,Medium,High,Hinglish,clear_text_unclear_image,medium
00485,Sanitation,Blocked drain,data/raw/images/sanitation/blocked_drain/blocked_drain_004.jpg,This has been an issue for a while now.,Urban,High,High,English,vague_text_clear_image,medium
00486,Sanitation,Blocked drain,data/raw/images/sanitation/blocked_drain/blocked_drain_005.jpg,"हमारी गली के पास blocked drain की समस्या है, कृपया जल्द ठीक करें।",Rural,Medium,Medium,Hindi,both_clear,high
00487,Sanitation,Blocked drain,data/raw/images/sanitation/blocked_drain/blocked_drain_006.jpg,"hamari gali ke paas blocked drain ki problem hai ek mahine se, please jaldi fix karo.",Rural,Medium,High,Hinglish,both_clear,high
00488,Sanitation,Blocked drain,data/raw/images/sanitation/blocked_drain/blocked_drain_007.jpg,Citizens are facing trouble due to blocked drain near our street. Many families in the area are affected by this. We request the concerned department to inspect and resolve this at the earliest.,Semi-Urban,High,High,English,clear_text_unclear_image,medium
00489,Sanitation,Blocked drain,data/raw/images/sanitation/blocked_drain/blocked_drain_008.jpg,"हमें हमारे गाँव के नज़दीक blocked drain की दिक्कत हो रही है, कई दिनों से यह समस्या बनी हुई है।",Semi-Urban,High,High,Hindi,both_clear,high
00490,Sanitation,Blocked drain,data/raw/images/sanitation/blocked_drain/blocked_drain_009.jpg,We are facing an issue of blocked drain at the crossing since last night. Children and elderly people use this path daily.,Semi-Urban,High,High,English,complementary,high
00491,Sanitation,Blocked drain,data/raw/images/sanitation/blocked_drain/blocked_drain_010.jpg,"पंचायत भवन के सामने की स्थिति बहुत खराब है, यह blocked drain से जुड़ी समस्या है।",Semi-Urban,Medium,Medium,Hindi,both_clear,high
00492,Sanitation,Blocked drain,data/raw/images/sanitation/blocked_drain/blocked_drain_011.jpg,"हमें कॉलोनी के गेट के पास blocked drain की दिक्कत हो रही है, कई दिनों से यह समस्या बनी हुई है।",Semi-Urban,High,High,Hindi,complementary,high
00493,Sanitation,Blocked drain,data/raw/images/sanitation/blocked_drain/blocked_drain_012.jpg,Blocked drain has been a problem beside the main road since yesterday. This needs to be fixed urgently. Please fix it soon.,Rural,Low,Low,English,both_clear,high
00494,Sanitation,Blocked drain,data/raw/images/sanitation/blocked_drain/blocked_drain_013.jpg,"बस स्टॉप के पास की स्थिति बहुत खराब है, यह blocked drain से जुड़ी समस्या है।",Rural,Low,Medium,Hindi,complementary,high
00495,Sanitation,Blocked drain,data/raw/images/sanitation/blocked_drain/blocked_drain_014.jpg,Not sure who to contact but this needs attention.,Semi-Urban,Medium,High,English,vague_text_clear_image,medium
00496,Sanitation,Overflowing sewage,data/raw/images/sanitation/overflowing_sewage/overflowing_sewage_000.jpg,"bazaar ke paas overflowing sewage ki problem hai do hafte se, please jaldi fix karo.",Rural,Medium,Medium,Hinglish,complementary,high
00497,Sanitation,Overflowing sewage,data/raw/images/sanitation/overflowing_sewage/overflowing_sewage_001.jpg,"Sir/Madam, there is there is sewage overflow near the colony gate for over a week. This is right next to the market.",Urban,High,High,English,complementary,high
00498,Sanitation,Overflowing sewage,data/raw/images/sanitation/overflowing_sewage/overflowing_sewage_002.jpg,This has been an issue for a while now.,Urban,Medium,Medium,Hinglish,vague_text_clear_image,medium
00499,Sanitation,Overflowing sewage,data/raw/images/sanitation/overflowing_sewage/overflowing_sewage_003.jpg,Just reporting that there is dirty sewage water has spread outside our house.,Semi-Urban,Medium,High,English,both_clear,high
00500,Sanitation,Overflowing sewage,data/raw/images/sanitation/overflowing_sewage/overflowing_sewage_004.jpg,I want to report there is sewage overflow near the colony gate for two weeks now. This is right next to the temple.,Urban,Medium,Medium,English,complementary,high
00501,Sanitation,Overflowing sewage,data/raw/images/sanitation/overflowing_sewage/overflowing_sewage_005.jpg,"हमें पंचायत भवन के सामने overflowing sewage की दिक्कत हो रही है, कई दिनों से यह समस्या बनी हुई है।",Semi-Urban,Medium,High,Hindi,both_clear,high
00502,Sanitation,Overflowing sewage,data/raw/images/sanitation/overflowing_sewage/overflowing_sewage_006.jpg,"बस स्टॉप के पास overflowing sewage की समस्या है, कृपया जल्द ठीक करें।",Urban,High,High,Hindi,both_clear,high
00503,Sanitation,Overflowing sewage,data/raw/images/sanitation/overflowing_sewage/overflowing_sewage_007.jpg,There is dirty sewage water has spread at the crossing.,Semi-Urban,Medium,Medium,English,both_clear,high
00504,Sanitation,Overflowing sewage,data/raw/images/sanitation/overflowing_sewage/overflowing_sewage_008.jpg,"हमें हमारे गाँव के नज़दीक overflowing sewage की दिक्कत हो रही है, कई दिनों से यह समस्या बनी हुई है।",Urban,High,High,Hindi,complementary,high
00505,Sanitation,Overflowing sewage,data/raw/images/sanitation/overflowing_sewage/overflowing_sewage_009.jpg,"Hamare area mein overflowing sewage ki dikkat hai, bazaar ke paas.",Semi-Urban,Low,Medium,Hinglish,both_clear,high
00506,Sanitation,Overflowing sewage,data/raw/images/sanitation/overflowing_sewage/overflowing_sewage_010.jpg,Just reporting that there is sewage water is overflowing onto the road beside the main road. This needs to be fixed urgently.,Urban,Medium,High,English,both_clear,high
00507,Sanitation,Overflowing sewage,data/raw/images/sanitation/overflowing_sewage/overflowing_sewage_011.jpg,"Yeh overflowing sewage wali problem bus stop ke paas do hafte se se hai, koi dekhne nahi aaya abhi tak.",Rural,High,High,Hinglish,both_clear,high
00509,Sanitation,Overflowing sewage,data/raw/images/sanitation/overflowing_sewage/overflowing_sewage_013.jpg,"हमारे गाँव के नज़दीक की स्थिति बहुत खराब है, यह overflowing sewage से जुड़ी समस्या है।",Semi-Urban,Medium,High,Hindi,both_clear,high
00510,Sanitation,Overflowing sewage,data/raw/images/sanitation/overflowing_sewage/overflowing_sewage_014.jpg,Just reporting that there is dirty sewage water has spread behind the school. Many families in the area are affected by this. We have complained before but no action has been taken.,Urban,Medium,High,English,both_clear,high
00511,Sanitation,Poor public toilet condition,data/raw/images/sanitation/poor_public_toilet_condition/poor_public_toilet_condition_000.jpg,"बस स्टॉप के पास की स्थिति बहुत खराब है, यह poor public toilet condition से जुड़ी समस्या है।",Rural,Medium,Low,Hindi,complementary,high
00512,Sanitation,Poor public toilet condition,data/raw/images/sanitation/poor_public_toilet_condition/poor_public_toilet_condition_001.jpg,Kindly send someone to check this place.,Urban,High,High,English,vague_text_clear_image,medium
00513,Sanitation,Poor public toilet condition,data/raw/images/sanitation/poor_public_toilet_condition/poor_public_toilet_condition_002.jpg,पंचायत भवन के सामने एक गंभीर समस्या है जिसकी वजह Poor public toilet condition है।,Urban,Low,Low,Hindi,both_clear,high
00514,Sanitation,Poor public toilet condition,data/raw/images/sanitation/poor_public_toilet_condition/poor_public_toilet_condition_003.jpg,"There is some problem here, please check when possible.",Rural,Medium,Medium,Hindi,vague_text_clear_image,medium
00515,Sanitation,Poor public toilet condition,data/raw/images/sanitation/poor_public_toilet_condition/poor_public_toilet_condition_004.jpg,We are facing an issue of poor public toilet condition near the railway station road since yesterday. Many families in the area are affected by this. It would be great if someone could visit and check the situation.,Urban,Medium,Medium,English,clear_text_unclear_image,medium
00516,Sanitation,Poor public toilet condition,data/raw/images/sanitation/poor_public_toilet_condition/poor_public_toilet_condition_005.jpg,There is a problem related to poor public toilet condition near the railway station road.,Rural,High,Medium,English,both_clear,high
00517,Sanitation,Poor public toilet condition,data/raw/images/sanitation/poor_public_toilet_condition/poor_public_toilet_condition_006.jpg,Their is a problem related to poor public toilet condition near the market.,Semi-Urban,High,High,English,both_clear,high
00518,Sanitation,Poor public toilet condition,data/raw/images/sanitation/poor_public_toilet_condition/poor_public_toilet_condition_007.jpg,Citizens are facing trouble due to poor public toilet condition near the railway station road. Please take action soon.,Semi-Urban,Medium,Medium,English,both_clear,high
00519,Sanitation,Poor public toilet condition,data/raw/images/sanitation/poor_public_toilet_condition/poor_public_toilet_condition_008.jpg,"Yeh poor public toilet condition wali problem gaon ke nazdeek kal raat se se hai, koi dekhne nahi aaya abhi tak.",Urban,Medium,Medium,Hinglish,both_clear,high
00521,Sanitation,Poor public toilet condition,data/raw/images/sanitation/poor_public_toilet_condition/poor_public_toilet_condition_010.jpg,We are facing an issue of poor public toilet condition close to our village since last night. Many families in the area are affected by this. We request the concerned department to inspect and resolve this at the earliest.,Rural,Low,Medium,English,both_clear,high
00522,Sanitation,Poor public toilet condition,data/raw/images/sanitation/poor_public_toilet_condition/poor_public_toilet_condition_011.jpg,"Hamare area mein poor public toilet condition ki dikkat h, panchayat office ke saamne.",Rural,Low,Medium,Hinglish,complementary,high
00523,Sanitation,Poor public toilet condition,data/raw/images/sanitation/poor_public_toilet_condition/poor_public_toilet_condition_012.jpg,"Yeh poor public toilet condition wali problem school ke peeche kal raat se se hai, koi dekhne nahi aaya abhi tak.",Semi-Urban,High,High,Hinglish,both_clear,high
00524,Sanitation,Poor public toilet condition,data/raw/images/sanitation/poor_public_toilet_condition/poor_public_toilet_condition_013.jpg,Poor public toilet condition has been a problem in front of teh panchayat office for over a week. Nobody from teh authorities has visited yet.,Semi-Urban,Medium,Medium,English,both_clear,high
00525,Sanitation,Poor public toilet condition,data/raw/images/sanitation/poor_public_toilet_condition/poor_public_toilet_condition_014.jpg,"Poor public toilet condition has been a problem near our street for almost a month. Also, this has gotten worse since last week.",Rural,Low,Low,English,complementary,high
00526,Sanitation,Wastewater accumulation,data/raw/images/sanitation/wastewater_accumulation/wastewater_accumulation_000.jpg,Kindly send someone to check this place.,Urban,High,High,Hindi,vague_text_clear_image,medium
00527,Sanitation,Wastewater accumulation,data/raw/images/sanitation/wastewater_accumulation/wastewater_accumulation_001.jpg,We are facing an issue of wastewater accumulation beside the main road for over a week. This is causing a lot of trouble to residents.,Rural,High,High,English,both_clear,high
00528,Sanitation,Wastewater accumulation,data/raw/images/sanitation/wastewater_accumulation/wastewater_accumulation_002.jpg,"हमें स्कूल के पीछे wastewater accumulation की दिक्कत हो रही है, कई दिनों से यह समस्या बनी हुई है।",Rural,High,High,Hindi,clear_text_unclear_image,medium
00529,Sanitation,Wastewater accumulation,data/raw/images/sanitation/wastewater_accumulation/wastewater_accumulation_003.jpg,"gaon ke nazdeek wastewater accumulation ki problem hai ek mahine se, please jaldi fix karo.",Rural,Low,Medium,Hinglish,both_clear,high
00530,Sanitation,Wastewater accumulation,data/raw/images/sanitation/wastewater_accumulation/wastewater_accumulation_004.jpg,There is a problem related to wastewater accumulation at the crossing.,Urban,Medium,High,English,both_clear,high
00531,Sanitation,Wastewater accumulation,data/raw/images/sanitation/wastewater_accumulation/wastewater_accumulation_005.jpg,There is a problem related to wastewater accumulation next to the bus stop.,Rural,High,High,English,both_clear,high
00532,Sanitation,Wastewater accumulation,data/raw/images/sanitation/wastewater_accumulation/wastewater_accumulation_006.jpg,Citizens are facing trouble due to wastewater accumulation outside our house. Many families in the area are affected by this. It would be great if someone could visit and check the situation.,Semi-Urban,Medium,Medium,English,both_clear,high
00533,Sanitation,Wastewater accumulation,data/raw/images/sanitation/wastewater_accumulation/wastewater_accumulation_007.jpg,Not sure who to contact but this needs attention.,Rural,Low,Low,English,vague_text_clear_image,medium
00534,Sanitation,Wastewater accumulation,data/raw/images/sanitation/wastewater_accumulation/wastewater_accumulation_008.jpg,Wastewater accumulation has been a problem near the market for two weeks now. Please fix it soon. It's affecting a lot of families nearby.,Urban,Low,Low,English,complementary,high
00535,Sanitation,Wastewater accumulation,data/raw/images/sanitation/wastewater_accumulation/wastewater_accumulation_009.jpg,"Sir/Madam, main road ke kinare wastewater accumulation ho raha hai, jaldi solve kijiye plz.",Rural,Medium,Medium,Hinglish,clear_text_unclear_image,medium
00536,Sanitation,Wastewater accumulation,data/raw/images/sanitation/wastewater_accumulation/wastewater_accumulation_010.jpg,"पंचायत भवन के सामने की स्थिति बहुत खराब है, यह wastewater accumulation से जुड़ी समस्या है।",Urban,High,High,Hindi,both_clear,high
00537,Sanitation,Wastewater accumulation,data/raw/images/sanitation/wastewater_accumulation/wastewater_accumulation_011.jpg,"हमारे गाँव के नज़दीक की स्थिति बहुत खराब है, यह wastewater accumulation से जुड़ी समस्या है।",Semi-Urban,High,High,Hindi,clear_text_unclear_image,medium
00538,Sanitation,Wastewater accumulation,data/raw/images/sanitation/wastewater_accumulation/wastewater_accumulation_012.jpg,"We are facing an issue of wastewater accumulation near the market for two weeks now. This is causing a lot of trouble to residents, especially elderly people and children. We request the concerned department to inspect and resolve this at the earliest.",Rural,Low,Low,English,both_clear,high
00539,Sanitation,Wastewater accumulation,data/raw/images/sanitation/wastewater_accumulation/wastewater_accumulation_013.jpg,"colony gate ke paas wastewater accumulation ki problem hai kal se, please jaldi fix karo.",Urban,High,High,Hinglish,both_clear,high
00540,Sanitation,Wastewater accumulation,data/raw/images/sanitation/wastewater_accumulation/wastewater_accumulation_014.jpg,स्कूल के पीछे एक गंभीर समस्या है जिसकी वजह Wastewater accumulation है।,Rural,Low,Low,Hindi,both_clear,high
00541,Sanitation,Unhygienic public area,data/raw/images/sanitation/unhygienic_public_area/unhygienic_public_area_000.jpg,"Citizens are facing trouble due to unhygienic public area in front of the panchayat office. Also, this has gotten worse since last week.",Semi-Urban,Medium,Medium,English,complementary,high
00542,Sanitation,Unhygienic public area,data/raw/images/sanitation/unhygienic_public_area/unhygienic_public_area_001.jpg,"कॉलोनी के गेट के पास unhygienic public area की समस्या है, कृपया जल्द ठीक करें।",Urban,Medium,Medium,Hindi,both_clear,high
00543,Sanitation,Unhygienic public area,data/raw/images/sanitation/unhygienic_public_area/unhygienic_public_area_002.jpg,Citizens are facing trouble due to unhygienic public area near the market. Please take action soon.,Semi-Urban,Medium,Low,English,both_clear,high
00544,Sanitation,Unhygienic public area,data/raw/images/sanitation/unhygienic_public_area/unhygienic_public_area_003.jpg,There is a problem related to unhygienic public area beside the main road. This is causing a lot of trouble to residents.,Semi-Urban,Low,Low,English,both_clear,high
00545,Sanitation,Unhygienic public area,data/raw/images/sanitation/unhygienic_public_area/unhygienic_public_area_004.jpg,"Yeh unhygienic public area wali problem bazaar ke paas kal se se h, koi dekhne nahi aaya abhi tak.",Urban,Medium,Low,Hinglish,clear_text_unclear_image,medium
00546,Sanitation,Unhygienic public area,data/raw/images/sanitation/unhygienic_public_area/unhygienic_public_area_005.jpg,"Something is wrong in our area, someone should look into it.",Urban,High,High,English,vague_text_clear_image,medium
00547,Sanitation,Unhygienic public area,data/raw/images/sanitation/unhygienic_public_area/unhygienic_public_area_006.jpg,कॉलोनी के गेट के पास एक गंभीर समस्या है जिसकी वजह Unhygienic public area है।,Rural,High,High,Hindi,both_clear,high
00548,Sanitation,Unhygienic public area,data/raw/images/sanitation/unhygienic_public_area/unhygienic_public_area_007.jpg,This has been an issue for a while now.,Semi-Urban,High,High,English,vague_text_clear_image,medium
00549,Sanitation,Unhygienic public area,data/raw/images/sanitation/unhygienic_public_area/unhygienic_public_area_008.jpg,"Yeh unhygienic public area wali problem hamari gali ke paas kal se se hai, koi dekhne nahi aaya abhi tak.",Rural,High,High,Hinglish,both_clear,high
00550,Sanitation,Unhygienic public area,data/raw/images/sanitation/unhygienic_public_area/unhygienic_public_area_009.jpg,"Sir/Madam, school ke peeche unhygienic public area ho raha h, jaldi solve kijiye plz.",Semi-Urban,Low,Low,Hinglish,both_clear,high
00552,Sanitation,Unhygienic public area,data/raw/images/sanitation/unhygienic_public_area/unhygienic_public_area_011.jpg,Not sure who to contact but this needs attention.,Rural,Low,Low,English,vague_text_clear_image,medium
00553,Sanitation,Unhygienic public area,data/raw/images/sanitation/unhygienic_public_area/unhygienic_public_area_012.jpg,Unhygienic public area has been a problem near our street for over a week. This needs to be fixed urgently.,Semi-Urban,Low,Low,English,both_clear,high
00555,Sanitation,Unhygienic public area,data/raw/images/sanitation/unhygienic_public_area/unhygienic_public_area_014.jpg,"हमारी गली के पास की स्थिति बहुत खराब है, यह unhygienic public area से जुड़ी समस्या है।",Rural,Medium,High,Hindi,clear_text_unclear_image,medium
00556,Sanitation,Sewage leakage,data/raw/images/sanitation/sewage_leakage/sewage_leakage_000.jpg,"बस स्टॉप के पास sewage leakage की समस्या है, कृपया जल्द ठीक करें।",Urban,High,Medium,Hindi,both_clear,high
00557,Sanitation,Sewage leakage,data/raw/images/sanitation/sewage_leakage/sewage_leakage_001.jpg,"Hamare area mein sewage leakage ki dikkat hai, bazaar ke paas.",Semi-Urban,Medium,Low,Hinglish,complementary,high
00558,Sanitation,Sewage leakage,data/raw/images/sanitation/sewage_leakage/sewage_leakage_002.jpg,"Hamare area mein sewage leakage ki dikkat hai, hamari gali ke paas.",Urban,High,Medium,Hinglish,both_clear,high
00559,Sanitation,Sewage leakage,data/raw/images/sanitation/sewage_leakage/sewage_leakage_003.jpg,"स्कूल के पीछे sewage leakage की समस्या है, कृपया जल्द ठीक करें।",Urban,Medium,Medium,Hindi,both_clear,high
00560,Sanitation,Sewage leakage,data/raw/images/sanitation/sewage_leakage/sewage_leakage_004.jpg,We are facing an issue of sewage leakage close to our village for two weeks now.,Urban,Low,Low,English,both_clear,high
00561,Sanitation,Sewage leakage,data/raw/images/sanitation/sewage_leakage/sewage_leakage_005.jpg,"Sir/Madam, school ke peeche sewage leakage ho raha hai, jaldi solve kijiye plz.",Rural,Medium,Medium,Hinglish,both_clear,high
00562,Sanitation,Sewage leakage,data/raw/images/sanitation/sewage_leakage/sewage_leakage_006.jpg,There is a problem related to sewage leakage outside our house. Nobody from the authorities has visited yet.,Rural,High,Medium,English,clear_text_unclear_image,medium
00563,Sanitation,Sewage leakage,data/raw/images/sanitation/sewage_leakage/sewage_leakage_007.jpg,We are facing an issue of sewage leakage near our street for two weeks now. This needs to be fixed urgently.,Urban,Medium,Low,English,clear_text_unclear_image,medium
00564,Sanitation,Sewage leakage,data/raw/images/sanitation/sewage_leakage/sewage_leakage_008.jpg,Citizens are facing trouble due to sewage leakage in front of the panchayat office. Please take action soon.,Rural,High,High,English,both_clear,high
00565,Sanitation,Sewage leakage,data/raw/images/sanitation/sewage_leakage/sewage_leakage_009.jpg,We are facing an issue of sewage leakage behind the school since yesterday. No one has come to check yet. Children and elderly people use this path daily.,Rural,High,High,English,complementary,high
00566,Sanitation,Sewage leakage,data/raw/images/sanitation/sewage_leakage/sewage_leakage_010.jpg,This has been an issue for a while now.,Urban,High,High,Hinglish,vague_text_clear_image,medium
00567,Sanitation,Sewage leakage,data/raw/images/sanitation/sewage_leakage/sewage_leakage_011.jpg,"हमारी गली के पास sewage leakage की समस्या है, कृपया जल्द ठीक करें।",Rural,Low,Low,Hindi,both_clear,high
00568,Sanitation,Sewage leakage,data/raw/images/sanitation/sewage_leakage/sewage_leakage_012.jpg,Citizens are facing trouble due to sewage leakage near the colony gate. Please take action soon.,Urban,Medium,Medium,English,both_clear,high
00569,Sanitation,Sewage leakage,data/raw/images/sanitation/sewage_leakage/sewage_leakage_013.jpg,"Sir/Madam, bazaar ke paas sewage leakage ho raha hai, jaldi solve kijiye plz.",Rural,Medium,High,Hinglish,both_clear,high
00570,Sanitation,Sewage leakage,data/raw/images/sanitation/sewage_leakage/sewage_leakage_014.jpg,Citizens are facing trouble due to sewage leakage outside our house. This needs to be fixed urgently.,Rural,Low,Low,English,both_clear,high
00571,Environment,Illegal tree cutting,data/raw/images/environment/illegal_tree_cutting/illegal_tree_cutting_000.jpg,Kindly send someone to check this place.,Semi-Urban,High,High,English,vague_text_clear_image,medium
00572,Environment,Illegal tree cutting,data/raw/images/environment/illegal_tree_cutting/illegal_tree_cutting_001.jpg,"बस स्टॉप के पास की स्थिति बहुत खराब है, यह illegal tree cutting से जुड़ी समस्या है।",Rural,Medium,Low,Hindi,both_clear,high
00573,Environment,Illegal tree cutting,data/raw/images/environment/illegal_tree_cutting/illegal_tree_cutting_002.jpg,There is a problem related to illegal tree cutting next to the bus stop. This needs to be fixed urgently. No one has come to check yet.,Urban,High,Medium,English,both_clear,high
00574,Environment,Illegal tree cutting,data/raw/images/environment/illegal_tree_cutting/illegal_tree_cutting_003.jpg,बाजार के पास एक गंभीर समस्या है जिसकी वजह Illegal tree cutting है।,Rural,High,High,Hindi,clear_text_unclear_image,medium
00575,Environment,Illegal tree cutting,data/raw/images/environment/illegal_tree_cutting/illegal_tree_cutting_004.jpg,There is a problem related to illegal tree cutting near our street. Please take action soon.,Rural,Low,Low,English,both_clear,high
00576,Environment,Illegal tree cutting,data/raw/images/environment/illegal_tree_cutting/illegal_tree_cutting_005.jpg,We are facing an issue of illegal tree cutting beside the main road since last night. Nobody from the authorities has visited yet.,Rural,Medium,Medium,English,clear_text_unclear_image,medium
00577,Environment,Illegal tree cutting,data/raw/images/environment/illegal_tree_cutting/illegal_tree_cutting_006.jpg,We are facing an issue of illegal tree cutting behind the school since yesterday.,Semi-Urban,Medium,Low,English,both_clear,high
00578,Environment,Illegal tree cutting,data/raw/images/environment/illegal_tree_cutting/illegal_tree_cutting_007.jpg,"gaon ke nazdeek illegal tree cutting ki problem hai ek hafte se, please jaldi fix karo.",Semi-Urban,High,High,Hinglish,clear_text_unclear_image,medium
00579,Environment,Illegal tree cutting,data/raw/images/environment/illegal_tree_cutting/illegal_tree_cutting_008.jpg,Citizens are facing trouble due to illegal tree cutting near our street. Many families in the area are affected by this. It would be great if someone could visit and check the situation.,Urban,Low,Low,English,both_clear,high
00580,Environment,Illegal tree cutting,data/raw/images/environment/illegal_tree_cutting/illegal_tree_cutting_009.jpg,"Citizens are facing trouble due to illegal tree cutting next to the bus stop. This is causing a lot of trouble to residents, especially elderly people and children. We have complained before but no action has been taken.",Urban,High,High,English,both_clear,high
00581,Environment,Illegal tree cutting,data/raw/images/environment/illegal_tree_cutting/illegal_tree_cutting_010.jpg,Citizens are facing trouble due to illegal tree cutting at the crossing. Nobody from the authorities has visited yet.,Rural,Medium,Medium,English,both_clear,high
00582,Environment,Illegal tree cutting,data/raw/images/environment/illegal_tree_cutting/illegal_tree_cutting_011.jpg,We are facing an issue of illegal tree cutting near the market for two weeks now. Children and elderly people use this path daily.,Rural,Low,Low,English,complementary,high
00583,Environment,Illegal tree cutting,data/raw/images/environment/illegal_tree_cutting/illegal_tree_cutting_012.jpg,"हमें पंचायत भवन के सामने illegal tree cutting की दिक्कत हो रही है, कई दिनों से यह समस्या बनी हुई है।",Semi-Urban,Medium,Medium,Hindi,both_clear,high
00584,Environment,Illegal tree cutting,data/raw/images/environment/illegal_tree_cutting/illegal_tree_cutting_013.jpg,Citizens are facing trouble due to illegal tree cutting behind the school. Many families in the area are affected by this. It would be great if someone could visit and check the situation. Plz look into this asap.,Rural,Low,Low,English,clear_text_unclear_image,medium
00585,Environment,Illegal tree cutting,data/raw/images/environment/illegal_tree_cutting/illegal_tree_cutting_014.jpg,There is a problem related to illegal tree cutting near the colony gate. This is right next to the market.,Rural,Medium,Low,English,complementary,high
00586,Environment,Fallen tree,data/raw/images/environment/fallen_tree/fallen_tree_000.jpg,"Hamare area mein fallen tree ki dikkat hai, school ke peeche.",Urban,High,High,Hinglish,both_clear,high
00587,Environment,Fallen tree,data/raw/images/environment/fallen_tree/fallen_tree_001.jpg,"Sir/Madam, there is a large tree has fallen next to the bus stop and is blocking the path. This is causing a lot of trouble to residents, especially elderly people and children. We request the concerned department to inspect and resolve this at the earliest.",Urban,High,High,English,clear_text_unclear_image,medium
00588,Environment,Fallen tree,data/raw/images/environment/fallen_tree/fallen_tree_002.jpg,"school ke peeche fallen tree ki problem hai ek mahine se, please jaldi fix karo.",Rural,Medium,High,Hinglish,both_clear,high
00589,Environment,Fallen tree,data/raw/images/environment/fallen_tree/fallen_tree_003.jpg,I want to report a tree fell outside our house during the storm and hasn't been cleared. Nobody from the authorities has visited yet.,Rural,High,Medium,English,both_clear,high
00590,Environment,Fallen tree,data/raw/images/environment/fallen_tree/fallen_tree_004.jpg,Kindly send someone to check this place.,Semi-Urban,Medium,Low,English,vague_text_clear_image,medium
00592,Environment,Fallen tree,data/raw/images/environment/fallen_tree/fallen_tree_006.jpg,There is the fallen tree beside the main road is blocking vehicles. This needs to be fixed urgently. Please fix it soon.,Semi-Urban,Medium,Medium,English,clear_text_unclear_image,medium
00593,Environment,Fallen tree,data/raw/images/environment/fallen_tree/fallen_tree_007.jpg,"colony gate ke paas fallen tree ki problem hai kal se, please jaldi fix karo.",Semi-Urban,Medium,Low,Hinglish,clear_text_unclear_image,medium
00594,Environment,Fallen tree,data/raw/images/environment/fallen_tree/fallen_tree_008.jpg,"Yeh fallen tree wali problem gaon ke nazdeek ek hafte se se hai, koi dekhne nahi aaya abhi tak.",Urban,Medium,Medium,Hinglish,complementary,high
00595,Environment,Fallen tree,data/raw/images/environment/fallen_tree/fallen_tree_009.jpg,Not sure who to contact but this needs attention.,Rural,Low,Low,Hinglish,vague_text_clear_image,medium
00596,Environment,Fallen tree,data/raw/images/environment/fallen_tree/fallen_tree_010.jpg,"Sir/Madam, hamari gali ke paas fallen tree ho raha h, jaldi solve kijiye plz.",Semi-Urban,Low,Medium,Hinglish,both_clear,high
00597,Environment,Fallen tree,data/raw/images/environment/fallen_tree/fallen_tree_011.jpg,"मुख्य सड़क के किनारे की स्थिति बहुत खराब है, यह fallen tree से जुड़ी समस्या है।",Semi-Urban,High,High,Hindi,complementary,high
00598,Environment,Fallen tree,data/raw/images/environment/fallen_tree/fallen_tree_012.jpg,There's a large tree has fallen next to the bus stop and is blocking the path. Please fix it soon.,Semi-Urban,Medium,High,English,both_clear,high
00599,Environment,Fallen tree,data/raw/images/environment/fallen_tree/fallen_tree_013.jpg,"बाजार के पास की स्थिति बहुत खराब है, यह fallen tree से जुड़ी समस्या है।",Urban,Medium,Medium,Hindi,both_clear,high
00600,Environment,Fallen tree,data/raw/images/environment/fallen_tree/fallen_tree_014.jpg,We have noticed a large tree has fallen outside our house and is blocking the path. This is causing a lot of trouble to residents.,Semi-Urban,Low,Low,English,both_clear,high
00601,Environment,Air pollution,data/raw/images/environment/air_pollution/air_pollution_000.jpg,there is a problem related to air pollution in front of the panchayat office. nobody from the authorities has visited yet.,Urban,Medium,Low,English,both_clear,high
00602,Environment,Air pollution,data/raw/images/environment/air_pollution/air_pollution_001.jpg,"There is some problem here, please check when possible.",Rural,Medium,Medium,Hinglish,vague_text_clear_image,medium
00603,Environment,Air pollution,data/raw/images/environment/air_pollution/air_pollution_002.jpg,"panchayat office ke saamne air pollution ki problem hai pichhle teen din se, please jaldi fix karo.",Urban,Low,Low,Hinglish,both_clear,high
00605,Environment,Air pollution,data/raw/images/environment/air_pollution/air_pollution_004.jpg,"hamari gali ke paas air pollution ki problem h pichhle teen din se, please jaldi fix karo.",Rural,High,Medium,Hinglish,complementary,high
00606,Environment,Air pollution,data/raw/images/environment/air_pollution/air_pollution_005.jpg,"Air pollution has been a problem near our street for the past three days. Also, this has gotten worse since last week.",Rural,Low,Low,English,complementary,high
00607,Environment,Air pollution,data/raw/images/environment/air_pollution/air_pollution_006.jpg,"gaon ke nazdeek air pollution ki problem hai pichhle teen din se, please jaldi fix karo.",Rural,Medium,Low,Hinglish,both_clear,high
00608,Environment,Air pollution,data/raw/images/environment/air_pollution/air_pollution_007.jpg,There is a problem related to air pollution at the crossing. Please take action soon. Plz look into this asap.,Rural,High,High,English,both_clear,high
00609,Environment,Air pollution,data/raw/images/environment/air_pollution/air_pollution_008.jpg,Air pollution has been a problem near the market since last night.,Semi-Urban,Low,Medium,English,both_clear,high
00610,Environment,Air pollution,data/raw/images/environment/air_pollution/air_pollution_009.jpg,"हमारी गली के पास air pollution की समस्या है, कृपया जल्द ठीक करें।",Rural,High,Medium,Hindi,both_clear,high
00611,Environment,Air pollution,data/raw/images/environment/air_pollution/air_pollution_010.jpg,Citizens are facing trouble due to air pollution near the railway station road. Nobody from the authorities has visited yet.,Semi-Urban,High,High,English,both_clear,high
00612,Environment,Air pollution,data/raw/images/environment/air_pollution/air_pollution_011.jpg,Citizens are facing trouble due to air pollution at the crossing. This is causing a lot of trouble to residents.,Rural,Medium,Medium,English,both_clear,high
00613,Environment,Air pollution,data/raw/images/environment/air_pollution/air_pollution_012.jpg,"Sir/Madam, main road ke kinare air pollution ho raha hai, jaldi solve kijiye plz.",Semi-Urban,Low,Low,Hinglish,clear_text_unclear_image,medium
00614,Environment,Air pollution,data/raw/images/environment/air_pollution/air_pollution_013.jpg,We are facing an issue of air pollution close to our village for two weeks now. This needs to be fixed urgently.,Rural,High,High,English,clear_text_unclear_image,medium
00615,Environment,Air pollution,data/raw/images/environment/air_pollution/air_pollution_014.jpg,This has been an issue for a while now.,Urban,Low,Low,English,vague_text_clear_image,medium
00616,Environment,Water pollution,data/raw/images/environment/water_pollution/water_pollution_000.jpg,Their is a problem related to water pollution at the crossing. Nobody from the authorities has visited yet.,Semi-Urban,High,Medium,English,both_clear,high
00617,Environment,Water pollution,data/raw/images/environment/water_pollution/water_pollution_001.jpg,Kindly send someone to check this place.,Semi-Urban,Low,Low,Hinglish,vague_text_clear_image,medium
00618,Environment,Water pollution,data/raw/images/environment/water_pollution/water_pollution_002.jpg,"There is some problem here, please check when possible.",Rural,Medium,Medium,English,vague_text_clear_image,medium
00619,Environment,Water pollution,data/raw/images/environment/water_pollution/water_pollution_003.jpg,We are facing an issue of water pollution beside the main road for the past three days.,Rural,Medium,Low,English,both_clear,high
00620,Environment,Water pollution,data/raw/images/environment/water_pollution/water_pollution_004.jpg,बाजार के पास एक गंभीर समस्या है जिसकी वजह Water pollution है।,Rural,Low,Low,Hindi,clear_text_unclear_image,medium
00621,Environment,Water pollution,data/raw/images/environment/water_pollution/water_pollution_005.jpg,"Something is wrong in our area, someone should look into it.",Rural,Medium,High,Hinglish,vague_text_clear_image,medium
00622,Environment,Water pollution,data/raw/images/environment/water_pollution/water_pollution_006.jpg,"Hamare area mein water pollution ki dikkat hai, bus stop ke paas.",Semi-Urban,High,High,Hinglish,both_clear,high
00623,Environment,Water pollution,data/raw/images/environment/water_pollution/water_pollution_007.jpg,Citizens are facing trouble due to water pollution near our street. Nobody from the authorities has visited yet.,Semi-Urban,Medium,High,English,both_clear,high
00624,Environment,Water pollution,data/raw/images/environment/water_pollution/water_pollution_008.jpg,"We are facing an issue of water pollution in front of the panchayat office since last night. This is causing a lot of trouble to residents, especially elderly people and children. We request the concerned department to inspect and resolve this at the earliest.",Urban,Medium,Medium,English,both_clear,high
00625,Environment,Water pollution,data/raw/images/environment/water_pollution/water_pollution_009.jpg,"हमारी गली के पास की स्थिति बहुत खराब है, यह water pollution से जुड़ी समस्या है।",Rural,Low,Low,Hindi,complementary,high
00626,Environment,Water pollution,data/raw/images/environment/water_pollution/water_pollution_010.jpg,"There is a problem related to water pollution close to our village. This is causing a lot of trouble to residents, especially elderly people and children. It would be great if someone could visit and check the situation.",Semi-Urban,Low,Low,English,both_clear,high
00627,Environment,Water pollution,data/raw/images/environment/water_pollution/water_pollution_011.jpg,"हमें हमारी गली के पास water pollution की दिक्कत हो रही है, कई दिनों से यह समस्या बनी हुई है।",Semi-Urban,Medium,Medium,Hindi,both_clear,high
00630,Environment,Water pollution,data/raw/images/environment/water_pollution/water_pollution_014.jpg,"gaon ke nazdeek water pollution ki problem hai kal se, please jaldi fix karo.",Rural,High,High,Hinglish,both_clear,high
00631,Environment,Environmental dumping,data/raw/images/environment/environmental_dumping/environmental_dumping_000.jpg,बस स्टॉप के पास एक गंभीर समस्या है जिसकी वजह Environmental dumping है।,Semi-Urban,High,High,Hindi,complementary,high
00632,Environment,Environmental dumping,data/raw/images/environment/environmental_dumping/environmental_dumping_001.jpg,We are facing an issue of environmental dumping outside our house since last night. Please take action soon.,Urban,Medium,Medium,English,both_clear,high
00633,Environment,Environmental dumping,data/raw/images/environment/environmental_dumping/environmental_dumping_002.jpg,"There is some problem here, please check when possible.",Urban,Medium,High,English,vague_text_clear_image,medium
00634,Environment,Environmental dumping,data/raw/images/environment/environmental_dumping/environmental_dumping_003.jpg,There is a problem related to environmental dumping behind the school. Nobody from the authorities has visited yet. No one has come to check yet.,Rural,High,High,English,both_clear,high
00635,Environment,Environmental dumping,data/raw/images/environment/environmental_dumping/environmental_dumping_004.jpg,"We are facing an issue of environmental dumping near the market for the past three days. This is causing a lot of trouble to residents, especially elderly people and children. It would be great if someone could visit and check the situation.",Urban,Low,Low,English,clear_text_unclear_image,medium
00636,Environment,Environmental dumping,data/raw/images/environment/environmental_dumping/environmental_dumping_005.jpg,Environmental dumping has been a problem near the railway station road since last night. Many families in the area are affected by this. We have complained before but no action has been taken.,Semi-Urban,Medium,High,English,both_clear,high
00637,Environment,Environmental dumping,data/raw/images/environment/environmental_dumping/environmental_dumping_006.jpg,We are facing an issue of environmental dumping outside our house for over a week. This is causing a lot of trouble to residents. Please fix it soon.,Semi-Urban,Medium,Medium,English,both_clear,high
00638,Environment,Environmental dumping,data/raw/images/environment/environmental_dumping/environmental_dumping_007.jpg,There is a problem related to environmental dumping outside our house. This needs to be fixed urgently.,Urban,Low,Medium,English,clear_text_unclear_image,medium
00639,Environment,Environmental dumping,data/raw/images/environment/environmental_dumping/environmental_dumping_008.jpg,"कॉलोनी के गेट के पास environmental dumping की समस्या है, कृपया जल्द ठीक करें।",Semi-Urban,Medium,Medium,Hindi,complementary,high
00640,Environment,Environmental dumping,data/raw/images/environment/environmental_dumping/environmental_dumping_009.jpg,"हमारे गाँव के नज़दीक environmental dumping की समस्या है, कृपया जल्द ठीक करें।",Rural,High,High,Hindi,complementary,high
00641,Environment,Environmental dumping,data/raw/images/environment/environmental_dumping/environmental_dumping_010.jpg,"bazaar ke paas environmental dumping ki problem h pichhle teen din se, please jaldi fix karo.",Rural,High,High,Hinglish,both_clear,high
00642,Environment,Environmental dumping,data/raw/images/environment/environmental_dumping/environmental_dumping_011.jpg,"Something is wrong in our area, someone should look into it.",Semi-Urban,High,Medium,English,vague_text_clear_image,medium
00643,Environment,Environmental dumping,data/raw/images/environment/environmental_dumping/environmental_dumping_012.jpg,"Sir/Madam, main road ke kinare environmental dumping ho raha hai, jaldi solve kijiye plz.",Semi-Urban,Low,Medium,Hinglish,both_clear,high
00646,Environment,Burning waste,data/raw/images/environment/burning_waste/burning_waste_000.jpg,"Something is wrong in our area, someone should look into it.",Rural,High,High,Hinglish,vague_text_clear_image,medium
00647,Environment,Burning waste,data/raw/images/environment/burning_waste/burning_waste_001.jpg,"Citizens are facing trouble due to burning waste in front of the panchayat office. This is causing a lot of trouble to residents, especially elderly people and children. We request the concerned department to inspect and resolve this at the earliest.",Urban,Medium,Medium,English,both_clear,high
00649,Environment,Burning waste,data/raw/images/environment/burning_waste/burning_waste_003.jpg,"बाजार के पास की स्थिति बहुत खराब है, यह burning waste से जुड़ी समस्या है।",Urban,Low,Low,Hindi,both_clear,high
00650,Environment,Burning waste,data/raw/images/environment/burning_waste/burning_waste_004.jpg,There is a problem related to burning waste near the market. This is causing a lot of trouble to residents.,Urban,Medium,Medium,English,both_clear,high
00651,Environment,Burning waste,data/raw/images/environment/burning_waste/burning_waste_005.jpg,Citizens are facing trouble due to burning waste outside our house.,Urban,Low,Low,English,both_clear,high
00652,Environment,Burning waste,data/raw/images/environment/burning_waste/burning_waste_006.jpg,"Sir/Madam, hamari gali ke paas burning waste ho raha hai, jaldi solve kijiye plz.",Rural,Low,Medium,Hinglish,complementary,high
00653,Environment,Burning waste,data/raw/images/environment/burning_waste/burning_waste_007.jpg,There is a problem related to burning waste behind the school.,Semi-Urban,Medium,Medium,English,clear_text_unclear_image,medium
00654,Environment,Burning waste,data/raw/images/environment/burning_waste/burning_waste_008.jpg,"Sir/Madam, panchayat office ke saamne burning waste ho raha hai, jaldi solve kijiye plz.",Urban,Low,Medium,Hinglish,complementary,high
00655,Environment,Burning waste,data/raw/images/environment/burning_waste/burning_waste_009.jpg,"Yeh burning waste wali problem panchayat office ke saamne do hafte se se hai, koi dekhne nahi aaya abhi tak.",Rural,High,High,Hinglish,complementary,high
00656,Environment,Burning waste,data/raw/images/environment/burning_waste/burning_waste_010.jpg,"हमें हमारी गली के पास burning waste की दिक्कत हो रही है, कई दिनों से यह समस्या बनी हुई है।",Urban,High,High,Hindi,both_clear,high
00657,Environment,Burning waste,data/raw/images/environment/burning_waste/burning_waste_011.jpg,"bazaar ke paas burning waste ki problem hai ek hafte se, please jaldi fix karo.",Urban,Low,Low,Hinglish,complementary,high
00658,Environment,Burning waste,data/raw/images/environment/burning_waste/burning_waste_012.jpg,We are facing an issue of burning waste near our street for almost a month. This is right next to the market.,Semi-Urban,High,High,English,complementary,high
00659,Environment,Burning waste,data/raw/images/environment/burning_waste/burning_waste_013.jpg,Citizens are facing trouble due to burning waste next to the bus stop. Children and elderly people use this path daily.,Semi-Urban,High,Medium,English,complementary,high
00660,Environment,Burning waste,data/raw/images/environment/burning_waste/burning_waste_014.jpg,"Hamare area mein burning waste ki dikkat hai, main road ke kinare.",Rural,High,Medium,Hinglish,complementary,high
00661,Environment,Damaged green spaces,data/raw/images/environment/damaged_green_spaces/damaged_green_spaces_000.jpg,"मुख्य सड़क के किनारे damaged green spaces की समस्या है, कृपया जल्द ठीक करें।",Urban,Medium,Medium,Hindi,both_clear,high
00662,Environment,Damaged green spaces,data/raw/images/environment/damaged_green_spaces/damaged_green_spaces_001.jpg,"Damaged green spaces has been a problem in front of the panchayat office since yesterday. This is causing a lot of trouble to residents, especially elderly people and children. It would be great if someone could visit and check the situation.",Semi-Urban,Low,Low,English,clear_text_unclear_image,medium
00663,Environment,Damaged green spaces,data/raw/images/environment/damaged_green_spaces/damaged_green_spaces_002.jpg,स्कूल के पीछे एक गंभीर समस्या है जिसकी वजह Damaged green spaces है।,Rural,High,High,Hindi,both_clear,high
00664,Environment,Damaged green spaces,data/raw/images/environment/damaged_green_spaces/damaged_green_spaces_003.jpg,There is a problem related to damaged green spaces outside our house. Nobody from the authorities has visited yet.,Semi-Urban,Low,Medium,English,clear_text_unclear_image,medium
00665,Environment,Damaged green spaces,data/raw/images/environment/damaged_green_spaces/damaged_green_spaces_004.jpg,Not sure who to contact but this needs attention.,Urban,High,Medium,Hinglish,vague_text_clear_image,medium
00666,Environment,Damaged green spaces,data/raw/images/environment/damaged_green_spaces/damaged_green_spaces_005.jpg,Citizens are facing trouble due to damaged green spaces close to our village. Nobody from the authorities has visited yet.,Rural,Medium,Medium,English,both_clear,high
00667,Environment,Damaged green spaces,data/raw/images/environment/damaged_green_spaces/damaged_green_spaces_006.jpg,We are facing an issue of damaged green spaces near the colony gate for the past three days. Children and elderly people use this path daily.,Semi-Urban,Low,Medium,English,complementary,high
00668,Environment,Damaged green spaces,data/raw/images/environment/damaged_green_spaces/damaged_green_spaces_007.jpg,Damaged green spaces has been a problem outside our house for over a week. Please take action soon. No one has come to check yet.,Urban,Medium,Medium,English,both_clear,high
00669,Environment,Damaged green spaces,data/raw/images/environment/damaged_green_spaces/damaged_green_spaces_008.jpg,"Yeh damaged green spaces wali problem gaon ke nazdeek kal raat se se hai, koi dekhne nahi aaya abhi tak.",Semi-Urban,Low,Low,Hinglish,clear_text_unclear_image,medium
00670,Environment,Damaged green spaces,data/raw/images/environment/damaged_green_spaces/damaged_green_spaces_009.jpg,"Yeh damaged green spaces wali problem panchayat office ke saamne pichhle teen din se se hai, koi dekhne nahi aaya abhi tak.",Semi-Urban,High,High,Hinglish,both_clear,high
00671,Environment,Damaged green spaces,data/raw/images/environment/damaged_green_spaces/damaged_green_spaces_010.jpg,"हमें बस स्टॉप के पास damaged green spaces की दिक्कत हो रही है, कई दिनों से यह समस्या बनी हुई है।",Semi-Urban,Medium,High,Hindi,both_clear,high
00672,Environment,Damaged green spaces,data/raw/images/environment/damaged_green_spaces/damaged_green_spaces_011.jpg,Citizens are facing trouble due to damaged green spaces near the market. This needs to be fixed urgently.,Rural,Medium,Medium,English,both_clear,high
00673,Environment,Damaged green spaces,data/raw/images/environment/damaged_green_spaces/damaged_green_spaces_012.jpg,"बस स्टॉप के पास damaged green spaces की समस्या है, कृपया जल्द ठीक करें।",Semi-Urban,High,Medium,Hindi,complementary,high
00674,Environment,Damaged green spaces,data/raw/images/environment/damaged_green_spaces/damaged_green_spaces_013.jpg,"There is some problem here, please check when possible.",Semi-Urban,High,High,English,vague_text_clear_image,medium
00675,Environment,Damaged green spaces,data/raw/images/environment/damaged_green_spaces/damaged_green_spaces_014.jpg,Citizens are facing trouble due to damaged green spaces at the crossing. Please take action soon.,Urban,Low,Low,English,both_clear,high
00676,Environment,Polluted public area,data/raw/images/environment/polluted_public_area/polluted_public_area_000.jpg,We are facing an issue of polluted public area near the railway station road for the past three days. This is causing a lot of trouble to residents.,Semi-Urban,High,Medium,English,both_clear,high
00677,Environment,Polluted public area,data/raw/images/environment/polluted_public_area/polluted_public_area_001.jpg,"हमें पंचायत भवन के सामने polluted public area की दिक्कत हो रही है, कई दिनों से यह समस्या बनी हुई है।",Urban,Medium,Low,Hindi,both_clear,high
00678,Environment,Polluted public area,data/raw/images/environment/polluted_public_area/polluted_public_area_002.jpg,"पंचायत भवन के सामने की स्थिति बहुत खराब है, यह polluted public area से जुड़ी समस्या है।",Semi-Urban,Medium,High,Hindi,complementary,high
00679,Environment,Polluted public area,data/raw/images/environment/polluted_public_area/polluted_public_area_003.jpg,We are facing an issue of polluted public area near our street for two weeks now.,Semi-Urban,Medium,Medium,English,both_clear,high
00680,Environment,Polluted public area,data/raw/images/environment/polluted_public_area/polluted_public_area_004.jpg,"Yeh polluted public area wali problem main road ke kinare kal raat se se hai, koi dekhne nahi aaya abhi tak.",Urban,High,High,Hinglish,both_clear,high
00681,Environment,Polluted public area,data/raw/images/environment/polluted_public_area/polluted_public_area_005.jpg,"बस स्टॉप के पास की स्थिति बहुत खराब है, यह polluted public area से जुड़ी समस्या है।",Semi-Urban,Medium,High,Hindi,both_clear,high
00682,Environment,Polluted public area,data/raw/images/environment/polluted_public_area/polluted_public_area_006.jpg,There is a problem related to polluted public area in front of the panchayat office.,Rural,High,Medium,English,both_clear,high
00683,Environment,Polluted public area,data/raw/images/environment/polluted_public_area/polluted_public_area_007.jpg,We are facing an issue of polluted public area beside teh main road for over a week.,Semi-Urban,High,Medium,English,both_clear,high
00684,Environment,Polluted public area,data/raw/images/environment/polluted_public_area/polluted_public_area_008.jpg,"Polluted public area has been a problem beside the main road for the past three days. Also, this has gotten worse since last week.",Semi-Urban,Medium,Medium,English,complementary,high
00685,Environment,Polluted public area,data/raw/images/environment/polluted_public_area/polluted_public_area_009.jpg,This has been an issue for a while now.,Semi-Urban,Low,Low,Hinglish,vague_text_clear_image,medium
00686,Environment,Polluted public area,data/raw/images/environment/polluted_public_area/polluted_public_area_010.jpg,"हमें कॉलोनी के गेट के पास polluted public area की दिक्कत हो रही है, कई दिनों से यह समस्या बनी हुई है।",Urban,Low,Low,Hindi,both_clear,high
00687,Environment,Polluted public area,data/raw/images/environment/polluted_public_area/polluted_public_area_011.jpg,"gaon ke nazdeek polluted public area ki problem hai kal se, please jaldi fix karo.",Semi-Urban,Low,Low,Hinglish,both_clear,high
00688,Environment,Polluted public area,data/raw/images/environment/polluted_public_area/polluted_public_area_012.jpg,"मुख्य सड़क के किनारे polluted public area की समस्या है, कृपया जल्द ठीक करें।",Rural,Medium,Medium,Hindi,complementary,high
00689,Environment,Polluted public area,data/raw/images/environment/polluted_public_area/polluted_public_area_013.jpg,"Yeh polluted public area wali problem bazaar ke paas pichhle teen din se se hai, koi dekhne nahi aaya abhi tak.",Semi-Urban,High,High,Hinglish,both_clear,high
00690,Environment,Polluted public area,data/raw/images/environment/polluted_public_area/polluted_public_area_014.jpg,Citizens are facing trouble due to polluted public area next to the bus stop. Please take action soon.,Semi-Urban,Medium,Low,English,both_clear,high
00691,Rural Livelihoods,Damaged rural market,data/raw/images/rural_livelihoods/damaged_rural_market/damaged_rural_market_000.jpg,"Sir/Madam, colony gate ke paas damaged rural market ho raha hai, jaldi solve kijiye plz.",Semi-Urban,Low,Low,Hinglish,complementary,high
00692,Rural Livelihoods,Damaged rural market,data/raw/images/rural_livelihoods/damaged_rural_market/damaged_rural_market_001.jpg,There is a problem related to damaged rural market in front of the panchayat office.,Urban,High,High,English,both_clear,high
00693,Rural Livelihoods,Damaged rural market,data/raw/images/rural_livelihoods/damaged_rural_market/damaged_rural_market_002.jpg,Citizens are facing trouble due to damaged rural market close to our village.,Urban,Medium,Medium,English,clear_text_unclear_image,medium
00694,Rural Livelihoods,Damaged rural market,data/raw/images/rural_livelihoods/damaged_rural_market/damaged_rural_market_003.jpg,"बाजार के पास damaged rural market की समस्या है, कृपया जल्द ठीक करें।",Semi-Urban,Medium,Medium,Hindi,both_clear,high
00695,Rural Livelihoods,Damaged rural market,data/raw/images/rural_livelihoods/damaged_rural_market/damaged_rural_market_004.jpg,"बस स्टॉप के पास की स्थिति बहुत खराब है, यह damaged rural market से जुड़ी समस्या है।",Urban,Low,Medium,Hindi,both_clear,high
00696,Rural Livelihoods,Damaged rural market,data/raw/images/rural_livelihoods/damaged_rural_market/damaged_rural_market_005.jpg,"There is some problem here, please check when possible.",Rural,High,High,Hindi,vague_text_clear_image,medium
00697,Rural Livelihoods,Damaged rural market,data/raw/images/rural_livelihoods/damaged_rural_market/damaged_rural_market_006.jpg,Kindly send someone to check this place.,Semi-Urban,High,High,English,vague_text_clear_image,medium
00699,Rural Livelihoods,Damaged rural market,data/raw/images/rural_livelihoods/damaged_rural_market/damaged_rural_market_008.jpg,"Hamare area mein damaged rural market ki dikkat hai, panchayat office ke saamne.",Rural,Low,Low,Hinglish,both_clear,high
00700,Rural Livelihoods,Damaged rural market,data/raw/images/rural_livelihoods/damaged_rural_market/damaged_rural_market_009.jpg,"Something is wrong in our area, someone should look into it.",Rural,Medium,Medium,English,vague_text_clear_image,medium
00701,Rural Livelihoods,Damaged rural market,data/raw/images/rural_livelihoods/damaged_rural_market/damaged_rural_market_010.jpg,We are facing an issue of damaged rural market beside the main road since last night. Many families in the area are affected by this. It would be great if someone could visit and check the situation.,Urban,Low,Low,English,both_clear,high
00702,Rural Livelihoods,Damaged rural market,data/raw/images/rural_livelihoods/damaged_rural_market/damaged_rural_market_011.jpg,"स्कूल के पीछे damaged rural market की समस्या है, कृपया जल्द ठीक करें।",Rural,Low,Low,Hindi,both_clear,high
00703,Rural Livelihoods,Damaged rural market,data/raw/images/rural_livelihoods/damaged_rural_market/damaged_rural_market_012.jpg,पंचायत भवन के सामने एक गंभीर समस्या है जिसकी वजह Damaged rural market है।,Rural,Medium,Medium,Hindi,both_clear,high
00704,Rural Livelihoods,Damaged rural market,data/raw/images/rural_livelihoods/damaged_rural_market/damaged_rural_market_013.jpg,मुख्य सड़क के किनारे एक गंभीर समस्या है जिसकी वजह Damaged rural market है।,Urban,Medium,High,Hindi,both_clear,high
00705,Rural Livelihoods,Damaged rural market,data/raw/images/rural_livelihoods/damaged_rural_market/damaged_rural_market_014.jpg,There is a problem related to damaged rural market near our street. It's affecting a lot of families nearby.,Semi-Urban,Medium,Medium,English,complementary,high
00706,Rural Livelihoods,Poor storage facility,data/raw/images/rural_livelihoods/poor_storage_facility/poor_storage_facility_000.jpg,Citizens are facing trouble due to poor storage facility beside the main road. This is causing a lot of trouble to residents.,Semi-Urban,Low,Low,English,both_clear,high
00707,Rural Livelihoods,Poor storage facility,data/raw/images/rural_livelihoods/poor_storage_facility/poor_storage_facility_001.jpg,We are facing an issue of poor storage facility near the market for several days. Please take action soon. No one has come to check yet.,Rural,Medium,Medium,English,both_clear,high
00708,Rural Livelihoods,Poor storage facility,data/raw/images/rural_livelihoods/poor_storage_facility/poor_storage_facility_002.jpg,Citizens are facing trouble due to poor storage facility near the railway station road. This is causing a lot of trouble to residents. Plz look into this asap.,Rural,High,High,English,both_clear,high
00709,Rural Livelihoods,Poor storage facility,data/raw/images/rural_livelihoods/poor_storage_facility/poor_storage_facility_003.jpg,Poor storage facility has been a problem in front of the panchayat office for two weeks now. Many families in the area are affected by this. It would be great if someone could visit and check the situation.,Rural,Medium,Medium,English,both_clear,high
00710,Rural Livelihoods,Poor storage facility,data/raw/images/rural_livelihoods/poor_storage_facility/poor_storage_facility_004.jpg,"मुख्य सड़क के किनारे की स्थिति बहुत खराब है, यह poor storage facility से जुड़ी समस्या है।",Rural,Low,Low,Hindi,both_clear,high
00711,Rural Livelihoods,Poor storage facility,data/raw/images/rural_livelihoods/poor_storage_facility/poor_storage_facility_005.jpg,"Citizens are facing trouble due to poor storage facility in front of the panchayat office. This is causing a lot of trouble to residents, especially elderly people and children. It would be great if someone could visit and check the situation.",Urban,Medium,Low,English,both_clear,high
00712,Rural Livelihoods,Poor storage facility,data/raw/images/rural_livelihoods/poor_storage_facility/poor_storage_facility_006.jpg,There is a problem related to poor storage facility behind the school. This is causing a lot of trouble to residents.,Rural,Low,Low,English,both_clear,high
00713,Rural Livelihoods,Poor storage facility,data/raw/images/rural_livelihoods/poor_storage_facility/poor_storage_facility_007.jpg,स्कूल के पीछे एक गंभीर समस्या है जिसकी वजह Poor storage facility है।,Rural,Medium,Low,Hindi,both_clear,high
00714,Rural Livelihoods,Poor storage facility,data/raw/images/rural_livelihoods/poor_storage_facility/poor_storage_facility_008.jpg,Poor storage facility has been a problem next to the bus stop for almost a month. Nobody from the authorities has visited yet.,Urban,Low,Low,English,both_clear,high
00715,Rural Livelihoods,Poor storage facility,data/raw/images/rural_livelihoods/poor_storage_facility/poor_storage_facility_009.jpg,This has been an issue for a while now.,Urban,Medium,Low,English,vague_text_clear_image,medium
00716,Rural Livelihoods,Poor storage facility,data/raw/images/rural_livelihoods/poor_storage_facility/poor_storage_facility_010.jpg,"बाजार के पास poor storage facility की समस्या है, कृपया जल्द ठीक करें।",Urban,High,High,Hindi,both_clear,high
00717,Rural Livelihoods,Poor storage facility,data/raw/images/rural_livelihoods/poor_storage_facility/poor_storage_facility_011.jpg,Kindly send someone to check this place.,Urban,Low,Low,English,vague_text_clear_image,medium
00718,Rural Livelihoods,Poor storage facility,data/raw/images/rural_livelihoods/poor_storage_facility/poor_storage_facility_012.jpg,We are facing an issue of poor storage facility next to the bus stop for several days. This is right next to the market.,Rural,Medium,High,English,complementary,high
00719,Rural Livelihoods,Poor storage facility,data/raw/images/rural_livelihoods/poor_storage_facility/poor_storage_facility_013.jpg,There is a problem related to poor storage facility near the railway station road.,Semi-Urban,Medium,Medium,English,both_clear,high
00720,Rural Livelihoods,Poor storage facility,data/raw/images/rural_livelihoods/poor_storage_facility/poor_storage_facility_014.jpg,We are facing an issue of poor storage facility at the crossing for several days. Many families in the area are affected by this. We request the concerned department to inspect and resolve this at the earliest.,Rural,Low,Low,English,clear_text_unclear_image,medium
00721,Rural Livelihoods,Damaged agricultural market infrastructure,data/raw/images/rural_livelihoods/damaged_agricultural_market_infrastructure/damaged_agricultural_market_infrastructure_000.jpg,"There is some problem here, please check when possible.",Rural,Low,Medium,English,vague_text_clear_image,medium
00722,Rural Livelihoods,Damaged agricultural market infrastructure,data/raw/images/rural_livelihoods/damaged_agricultural_market_infrastructure/damaged_agricultural_market_infrastructure_001.jpg,Damaged agricultural market infrastructure has been a problem behind the school for two weeks now. Many families in the area are affected by this. We have complained before but no action has been taken.,Semi-Urban,High,Medium,English,both_clear,high
00723,Rural Livelihoods,Damaged agricultural market infrastructure,data/raw/images/rural_livelihoods/damaged_agricultural_market_infrastructure/damaged_agricultural_market_infrastructure_002.jpg,"हमें मुख्य सड़क के किनारे damaged agricultural market infrastructure की दिक्कत हो रही है, कई दिनों से यह समस्या बनी हुई है।",Semi-Urban,Low,Medium,Hindi,complementary,high
00724,Rural Livelihoods,Damaged agricultural market infrastructure,data/raw/images/rural_livelihoods/damaged_agricultural_market_infrastructure/damaged_agricultural_market_infrastructure_003.jpg,We are facing an issue of damaged agricultural market infrastructure close to our village for over a week. Please take action soon.,Semi-Urban,Low,Low,English,both_clear,high
00725,Rural Livelihoods,Damaged agricultural market infrastructure,data/raw/images/rural_livelihoods/damaged_agricultural_market_infrastructure/damaged_agricultural_market_infrastructure_004.jpg,"बाजार के पास की स्थिति बहुत खराब है, यह damaged agricultural market infrastructure से जुड़ी समस्या है।",Semi-Urban,Low,Low,Hindi,both_clear,high
00726,Rural Livelihoods,Damaged agricultural market infrastructure,data/raw/images/rural_livelihoods/damaged_agricultural_market_infrastructure/damaged_agricultural_market_infrastructure_005.jpg,There is a problem related to damaged agricultural market infrastructure behind the school. Many families in the area are affected by this. We have complained before but no action has been taken.,Semi-Urban,High,High,English,both_clear,high
00727,Rural Livelihoods,Damaged agricultural market infrastructure,data/raw/images/rural_livelihoods/damaged_agricultural_market_infrastructure/damaged_agricultural_market_infrastructure_006.jpg,"Sir/Madam, panchayat office ke saamne damaged agricultural market infrastructure ho raha hai, jaldi solve kijiye plz.",Semi-Urban,Low,Low,Hinglish,both_clear,high
00728,Rural Livelihoods,Damaged agricultural market infrastructure,data/raw/images/rural_livelihoods/damaged_agricultural_market_infrastructure/damaged_agricultural_market_infrastructure_007.jpg,There is a problem related to damaged agricultural market infrastructure at the crossing. Children and elderly people use this path daily.,Urban,Medium,Low,English,complementary,high
00729,Rural Livelihoods,Damaged agricultural market infrastructure,data/raw/images/rural_livelihoods/damaged_agricultural_market_infrastructure/damaged_agricultural_market_infrastructure_008.jpg,"स्कूल के पीछे की स्थिति बहुत खराब है, यह damaged agricultural market infrastructure से जुड़ी समस्या है।",Rural,Low,Medium,Hindi,both_clear,high
00730,Rural Livelihoods,Damaged agricultural market infrastructure,data/raw/images/rural_livelihoods/damaged_agricultural_market_infrastructure/damaged_agricultural_market_infrastructure_009.jpg,"There is a problem related to damaged agricultural market infrastructure close to our village. Also, this has gotten worse since last week.",Rural,High,High,English,complementary,high
00731,Rural Livelihoods,Damaged agricultural market infrastructure,data/raw/images/rural_livelihoods/damaged_agricultural_market_infrastructure/damaged_agricultural_market_infrastructure_010.jpg,We are facing an issue of damaged agricultural market infrastructure near the railway station road for almost a month. Nobody from the authorities has visited yet.,Rural,Low,Low,English,both_clear,high
00732,Rural Livelihoods,Damaged agricultural market infrastructure,data/raw/images/rural_livelihoods/damaged_agricultural_market_infrastructure/damaged_agricultural_market_infrastructure_011.jpg,मुख्य सड़क के किनारे एक गंभीर समस्या है जिसकी वजह Damaged agricultural market infrastructure है।,Semi-Urban,Low,Low,Hindi,both_clear,high
00733,Rural Livelihoods,Damaged agricultural market infrastructure,data/raw/images/rural_livelihoods/damaged_agricultural_market_infrastructure/damaged_agricultural_market_infrastructure_012.jpg,"Hamare area mein damaged agricultural market infrastructure ki dikkat hai, gaon ke nazdeek.",Rural,High,High,Hinglish,clear_text_unclear_image,medium
00734,Rural Livelihoods,Damaged agricultural market infrastructure,data/raw/images/rural_livelihoods/damaged_agricultural_market_infrastructure/damaged_agricultural_market_infrastructure_013.jpg,"Sir/Madam, gaon ke nazdeek damaged agricultural market infrastructure ho raha hai, jaldi solve kijiye plz.",Rural,Medium,Medium,Hinglish,both_clear,high
00735,Rural Livelihoods,Damaged agricultural market infrastructure,data/raw/images/rural_livelihoods/damaged_agricultural_market_infrastructure/damaged_agricultural_market_infrastructure_014.jpg,Damaged agricultural market infrastructure has been a problem near the market since last night. Many families in the area are affected by this. We request the concerned department to inspect and resolve this at the earliest. Please fix it soon.,Semi-Urban,Medium,Medium,English,both_clear,high
00736,Rural Livelihoods,Lack of livelihood infrastructure,data/raw/images/rural_livelihoods/lack_of_livelihood_infrastructure/lack_of_livelihood_infrastructure_000.jpg,Citizens are facing trouble due to lack of livelihood infrastructure next to the bus stop. Children and elderly people use this path daily.,Urban,Medium,Medium,English,complementary,high
00737,Rural Livelihoods,Lack of livelihood infrastructure,data/raw/images/rural_livelihoods/lack_of_livelihood_infrastructure/lack_of_livelihood_infrastructure_001.jpg,"Lack of livelihood infrastructure has been a problem beside the main road for over a week. Also, this has gotten worse since last week.",Urban,Medium,High,English,complementary,high
00738,Rural Livelihoods,Lack of livelihood infrastructure,data/raw/images/rural_livelihoods/lack_of_livelihood_infrastructure/lack_of_livelihood_infrastructure_002.jpg,Citizens are facing trouble due to lack of livelihood infrastructure near our street. Many families in the area are affected by this. It would be great if someone could visit and check the situation.,Semi-Urban,Low,Low,English,both_clear,high
00739,Rural Livelihoods,Lack of livelihood infrastructure,data/raw/images/rural_livelihoods/lack_of_livelihood_infrastructure/lack_of_livelihood_infrastructure_003.jpg,"हमारे गाँव के नज़दीक की स्थिति बहुत खराब है, यह lack of livelihood infrastructure से जुड़ी समस्या है।",Semi-Urban,High,Medium,Hindi,clear_text_unclear_image,medium
00740,Rural Livelihoods,Lack of livelihood infrastructure,data/raw/images/rural_livelihoods/lack_of_livelihood_infrastructure/lack_of_livelihood_infrastructure_004.jpg,Lack of livelihood infrastructure has been a problem behind the school since yesterday. Many families in the area are affected by this. We request the concerned department to inspect and resolve this at the earliest.,Rural,Medium,Medium,English,clear_text_unclear_image,medium
00741,Rural Livelihoods,Lack of livelihood infrastructure,data/raw/images/rural_livelihoods/lack_of_livelihood_infrastructure/lack_of_livelihood_infrastructure_005.jpg,"Sir/Madam, main road ke kinare lack of livelihood infrastructure ho raha hai, jaldi solve kijiye plz.",Semi-Urban,High,Medium,Hinglish,both_clear,high
00742,Rural Livelihoods,Lack of livelihood infrastructure,data/raw/images/rural_livelihoods/lack_of_livelihood_infrastructure/lack_of_livelihood_infrastructure_006.jpg,"Yeh lack of livelihood infrastructure wali problem colony gate ke paas ek hafte se se hai, koi dekhne nahi aaya abhi tak.",Semi-Urban,Medium,Medium,Hinglish,complementary,high
00743,Rural Livelihoods,Lack of livelihood infrastructure,data/raw/images/rural_livelihoods/lack_of_livelihood_infrastructure/lack_of_livelihood_infrastructure_007.jpg,"हमें हमारे गाँव के नज़दीक lack of livelihood infrastructure की दिक्कत हो रही है, कई दिनों से यह समस्या बनी हुई है।",Urban,Medium,Low,Hindi,both_clear,high
00744,Rural Livelihoods,Lack of livelihood infrastructure,data/raw/images/rural_livelihoods/lack_of_livelihood_infrastructure/lack_of_livelihood_infrastructure_008.jpg,Kindly send someone to check this place.,Semi-Urban,Low,Low,English,vague_text_clear_image,medium
00745,Rural Livelihoods,Lack of livelihood infrastructure,data/raw/images/rural_livelihoods/lack_of_livelihood_infrastructure/lack_of_livelihood_infrastructure_009.jpg,Lack of livelihood infrastructure has been a problem near the market since yesterday. Nobody from the authorities has visited yet.,Urban,High,High,English,both_clear,high
00746,Rural Livelihoods,Lack of livelihood infrastructure,data/raw/images/rural_livelihoods/lack_of_livelihood_infrastructure/lack_of_livelihood_infrastructure_010.jpg,"स्कूल के पीछे lack of livelihood infrastructure की समस्या है, कृपया जल्द ठीक करें।",Rural,Medium,Low,Hindi,both_clear,high
00747,Rural Livelihoods,Lack of livelihood infrastructure,data/raw/images/rural_livelihoods/lack_of_livelihood_infrastructure/lack_of_livelihood_infrastructure_011.jpg,"बस स्टॉप के पास की स्थिति बहुत खराब है, यह lack of livelihood infrastructure से जुड़ी समस्या है।",Semi-Urban,Low,Low,Hindi,clear_text_unclear_image,medium
00748,Rural Livelihoods,Lack of livelihood infrastructure,data/raw/images/rural_livelihoods/lack_of_livelihood_infrastructure/lack_of_livelihood_infrastructure_012.jpg,There is a problem related to lack of livelihood infrastructure next to the bus stop.,Urban,Medium,High,English,both_clear,high
00749,Rural Livelihoods,Lack of livelihood infrastructure,data/raw/images/rural_livelihoods/lack_of_livelihood_infrastructure/lack_of_livelihood_infrastructure_013.jpg,"हमें कॉलोनी के गेट के पास lack of livelihood infrastructure की दिक्कत हो रही है, कई दिनों से यह समस्या बनी हुई है।",Semi-Urban,High,Medium,Hindi,both_clear,high
00750,Rural Livelihoods,Lack of livelihood infrastructure,data/raw/images/rural_livelihoods/lack_of_livelihood_infrastructure/lack_of_livelihood_infrastructure_014.jpg,"There is a problem related to lack of livelihood infrastructure near the market. This is causing a lot of trouble to residents, especially elderly people and children. We request the concerned department to inspect and resolve this at the earliest. Plz look into this asap.",Semi-Urban,High,High,English,both_clear,high
00751,Rural Livelihoods,Poor rural road affecting businesses,data/raw/images/rural_livelihoods/poor_rural_road_affecting_businesses/poor_rural_road_affecting_businesses_000.jpg,There is a problem related to poor rural road affecting businesses near the market. Children and elderly people use this path daily.,Semi-Urban,High,High,English,complementary,high
00752,Rural Livelihoods,Poor rural road affecting businesses,data/raw/images/rural_livelihoods/poor_rural_road_affecting_businesses/poor_rural_road_affecting_businesses_001.jpg,This has been an issue for a while now.,Rural,High,High,English,vague_text_clear_image,medium
00753,Rural Livelihoods,Poor rural road affecting businesses,data/raw/images/rural_livelihoods/poor_rural_road_affecting_businesses/poor_rural_road_affecting_businesses_002.jpg,Citizens are facing trouble due to poor rural road affecting businesses at the crossing.,Urban,High,High,English,both_clear,high
00754,Rural Livelihoods,Poor rural road affecting businesses,data/raw/images/rural_livelihoods/poor_rural_road_affecting_businesses/poor_rural_road_affecting_businesses_003.jpg,Kindly send someone to check this place.,Urban,Medium,High,Hindi,vague_text_clear_image,medium
00755,Rural Livelihoods,Poor rural road affecting businesses,data/raw/images/rural_livelihoods/poor_rural_road_affecting_businesses/poor_rural_road_affecting_businesses_004.jpg,"Yeh poor rural road affecting businesses wali problem hamari gali ke paas kal raat se se hai, koi dekhne nahi aaya abhi tak.",Rural,Medium,Medium,Hinglish,clear_text_unclear_image,medium
00756,Rural Livelihoods,Poor rural road affecting businesses,data/raw/images/rural_livelihoods/poor_rural_road_affecting_businesses/poor_rural_road_affecting_businesses_005.jpg,Not sure who to contact but this needs attention.,Urban,Low,Low,Hindi,vague_text_clear_image,medium
00757,Rural Livelihoods,Poor rural road affecting businesses,data/raw/images/rural_livelihoods/poor_rural_road_affecting_businesses/poor_rural_road_affecting_businesses_006.jpg,"gaon ke nazdeek poor rural road affecting businesses ki problem hai kal se, please jaldi fix karo.",Urban,Medium,Medium,Hinglish,clear_text_unclear_image,medium
00758,Rural Livelihoods,Poor rural road affecting businesses,data/raw/images/rural_livelihoods/poor_rural_road_affecting_businesses/poor_rural_road_affecting_businesses_007.jpg,"There is some problem here, please check when possible.",Urban,High,High,English,vague_text_clear_image,medium
00759,Rural Livelihoods,Poor rural road affecting businesses,data/raw/images/rural_livelihoods/poor_rural_road_affecting_businesses/poor_rural_road_affecting_businesses_008.jpg,There is a problem related to poor rural road affecting businesses near the colony gate. Many families in the area are affected by this. It would be great if someone could visit and check the situation. Please fix it soon.,Semi-Urban,High,High,English,both_clear,high
00760,Rural Livelihoods,Poor rural road affecting businesses,data/raw/images/rural_livelihoods/poor_rural_road_affecting_businesses/poor_rural_road_affecting_businesses_009.jpg,We are facing an issue of poor rural road affecting businesses at the crossing for two weeks now. This is right next to the school.,Urban,High,High,English,complementary,high
00761,Rural Livelihoods,Poor rural road affecting businesses,data/raw/images/rural_livelihoods/poor_rural_road_affecting_businesses/poor_rural_road_affecting_businesses_010.jpg,"हमें कॉलोनी के गेट के पास poor rural road affecting businesses की दिक्कत हो रही है, कई दिनों से यह समस्या बनी हुई है।",Urban,Medium,Medium,Hindi,both_clear,high
00762,Rural Livelihoods,Poor rural road affecting businesses,data/raw/images/rural_livelihoods/poor_rural_road_affecting_businesses/poor_rural_road_affecting_businesses_011.jpg,"Hamare area mein poor rural road affecting businesses ki dikkat hai, colony gate ke paas.",Urban,High,High,Hinglish,both_clear,high
00764,Rural Livelihoods,Poor rural road affecting businesses,data/raw/images/rural_livelihoods/poor_rural_road_affecting_businesses/poor_rural_road_affecting_businesses_013.jpg,There is a problem related to poor rural road affecting businesses next to the bus stop. Please take action soon.,Rural,High,High,English,both_clear,high
00765,Rural Livelihoods,Poor rural road affecting businesses,data/raw/images/rural_livelihoods/poor_rural_road_affecting_businesses/poor_rural_road_affecting_businesses_014.jpg,There is a problem related to poor rural road affecting businesses next to the bus stop. Children and elderly people use this path daily.,Rural,Medium,High,English,complementary,high
00766,Rural Livelihoods,Damaged community facility,data/raw/images/rural_livelihoods/damaged_community_facility/damaged_community_facility_000.jpg,"Sir/Madam, bazaar ke paas damaged community facility ho raha hai, jaldi solve kijiye plz.",Urban,Medium,Medium,Hinglish,complementary,high
00767,Rural Livelihoods,Damaged community facility,data/raw/images/rural_livelihoods/damaged_community_facility/damaged_community_facility_001.jpg,There is a problem related to damaged community facility near the market. Plz look into this asap. This is right next to the market.,Urban,High,High,English,complementary,high
00768,Rural Livelihoods,Damaged community facility,data/raw/images/rural_livelihoods/damaged_community_facility/damaged_community_facility_002.jpg,"बाजार के पास की स्थिति बहुत खराब है, यह damaged community facility से जुड़ी समस्या है।",Semi-Urban,High,High,Hindi,both_clear,high
00769,Rural Livelihoods,Damaged community facility,data/raw/images/rural_livelihoods/damaged_community_facility/damaged_community_facility_003.jpg,"Citizens are facing trouble due to damaged community facility at the crossing. This is causing a lot of trouble to residents, especially elderly people and children. We request the concerned department to inspect and resolve this at the earliest. Please fix it soon.",Rural,Low,Low,English,clear_text_unclear_image,medium
00770,Rural Livelihoods,Damaged community facility,data/raw/images/rural_livelihoods/damaged_community_facility/damaged_community_facility_004.jpg,Damaged community facility has been a problem outside our house since last night. Nobody from the authorities has visited yet.,Semi-Urban,High,High,English,both_clear,high
00771,Rural Livelihoods,Damaged community facility,data/raw/images/rural_livelihoods/damaged_community_facility/damaged_community_facility_005.jpg,"Sir/Madam, colony gate ke paas damaged community facility ho raha hai, jaldi solve kijiye plz.",Urban,High,High,Hinglish,complementary,high
00772,Rural Livelihoods,Damaged community facility,data/raw/images/rural_livelihoods/damaged_community_facility/damaged_community_facility_006.jpg,"Yeh damaged community facility wali problem main road ke kinare pichhle teen din se se hai, koi dekhne nahi aaya abhi tak.",Rural,Low,Low,Hinglish,clear_text_unclear_image,medium
00773,Rural Livelihoods,Damaged community facility,data/raw/images/rural_livelihoods/damaged_community_facility/damaged_community_facility_007.jpg,Damaged community facility has been a problem behind the school for over a week.,Rural,High,High,English,clear_text_unclear_image,medium
00774,Rural Livelihoods,Damaged community facility,data/raw/images/rural_livelihoods/damaged_community_facility/damaged_community_facility_008.jpg,We are facing an issue of damaged community facility beside the main road for two weeks now.,Urban,Low,Low,English,clear_text_unclear_image,medium
00775,Rural Livelihoods,Damaged community facility,data/raw/images/rural_livelihoods/damaged_community_facility/damaged_community_facility_009.jpg,"हमें बाजार के पास damaged community facility की दिक्कत हो रही है, कई दिनों से यह समस्या बनी हुई है।",Rural,High,High,Hindi,both_clear,high
00777,Rural Livelihoods,Damaged community facility,data/raw/images/rural_livelihoods/damaged_community_facility/damaged_community_facility_011.jpg,This has been an issue for a while now.,Semi-Urban,Medium,Medium,English,vague_text_clear_image,medium
00778,Rural Livelihoods,Damaged community facility,data/raw/images/rural_livelihoods/damaged_community_facility/damaged_community_facility_012.jpg,Citizens are facing trouble due to damaged community facility near our street.,Rural,Low,Low,English,both_clear,high
00779,Rural Livelihoods,Damaged community facility,data/raw/images/rural_livelihoods/damaged_community_facility/damaged_community_facility_013.jpg,"bus stop ke paas damaged community facility ki problem hai ek mahine se, please jaldi fix karo.",Rural,High,High,Hinglish,both_clear,high
00780,Rural Livelihoods,Damaged community facility,data/raw/images/rural_livelihoods/damaged_community_facility/damaged_community_facility_014.jpg,Damaged community facility has been a problem near the colony gate for the past three days. Many families in the area are affected by this. It would be great if someone could visit and check the situation.,Semi-Urban,Medium,High,English,clear_text_unclear_image,medium
00781,Rural Livelihoods,Problem affecting local vendors,data/raw/images/rural_livelihoods/problem_affecting_local_vendors/problem_affecting_local_vendors_000.jpg,"Citizens are facing trouble due to problem affecting local vendors outside our house. This is causing a lot of trouble to residents, especially elderly people and children. We request the concerned department to inspect and resolve this at the earliest.",Urban,Medium,High,English,both_clear,high
00782,Rural Livelihoods,Problem affecting local vendors,data/raw/images/rural_livelihoods/problem_affecting_local_vendors/problem_affecting_local_vendors_001.jpg,This has been an issue for a while now.,Rural,High,High,Hinglish,vague_text_clear_image,medium
00783,Rural Livelihoods,Problem affecting local vendors,data/raw/images/rural_livelihoods/problem_affecting_local_vendors/problem_affecting_local_vendors_002.jpg,Problem affecting local vendors has been a problem near the railway station road for over a week.,Rural,Low,Low,English,both_clear,high
00784,Rural Livelihoods,Problem affecting local vendors,data/raw/images/rural_livelihoods/problem_affecting_local_vendors/problem_affecting_local_vendors_003.jpg,हमारी गली के पास एक गंभीर समस्या है जिसकी वजह Problem affecting local vendors है।,Rural,Medium,Medium,Hindi,both_clear,high
00785,Rural Livelihoods,Problem affecting local vendors,data/raw/images/rural_livelihoods/problem_affecting_local_vendors/problem_affecting_local_vendors_004.jpg,We are facing an issue of problem affecting local vendors near our street since yesterday. It's affecting a lot of families nearby.,Semi-Urban,Medium,High,English,complementary,high
00786,Rural Livelihoods,Problem affecting local vendors,data/raw/images/rural_livelihoods/problem_affecting_local_vendors/problem_affecting_local_vendors_005.jpg,Citizens are facing trouble due to problem affecting local vendors beside the main road. No one has come to check yet. This is right next to the temple.,Rural,Low,Low,English,complementary,high
00787,Rural Livelihoods,Problem affecting local vendors,data/raw/images/rural_livelihoods/problem_affecting_local_vendors/problem_affecting_local_vendors_006.jpg,"Yeh problem affecting local vendors wali problem colony gate ke paas do hafte se se hai, koi dekhne nahi aaya abhi tak.",Urban,Medium,Medium,Hinglish,both_clear,high
00788,Rural Livelihoods,Problem affecting local vendors,data/raw/images/rural_livelihoods/problem_affecting_local_vendors/problem_affecting_local_vendors_007.jpg,Not sure who to contact but this needs attention.,Rural,Low,Low,English,vague_text_clear_image,medium
00789,Rural Livelihoods,Problem affecting local vendors,data/raw/images/rural_livelihoods/problem_affecting_local_vendors/problem_affecting_local_vendors_008.jpg,"कॉलोनी के गेट के पास की स्थिति बहुत खराब है, यह problem affecting local vendors से जुड़ी समस्या है।",Rural,Medium,High,Hindi,both_clear,high
00790,Rural Livelihoods,Problem affecting local vendors,data/raw/images/rural_livelihoods/problem_affecting_local_vendors/problem_affecting_local_vendors_009.jpg,"Problem affecting local vendors has been a problem near the market since yesterday. This is causing a lot of trouble to residents, especially elderly people and children. It would be great if someone could visit and check the situation.",Semi-Urban,Low,Low,English,both_clear,high
00791,Rural Livelihoods,Problem affecting local vendors,data/raw/images/rural_livelihoods/problem_affecting_local_vendors/problem_affecting_local_vendors_010.jpg,कॉलोनी के गेट के पास एक गंभीर समस्या है जिसकी वजह Problem affecting local vendors है।,Urban,High,High,Hindi,both_clear,high
00792,Rural Livelihoods,Problem affecting local vendors,data/raw/images/rural_livelihoods/problem_affecting_local_vendors/problem_affecting_local_vendors_011.jpg,"Something is wrong in our area, someone should look into it.",Semi-Urban,High,High,English,vague_text_clear_image,medium
00793,Rural Livelihoods,Problem affecting local vendors,data/raw/images/rural_livelihoods/problem_affecting_local_vendors/problem_affecting_local_vendors_012.jpg,"Hamare area mein problem affecting local vendors ki dikkat hai, gaon ke nazdeek.",Semi-Urban,High,High,Hinglish,complementary,high
00794,Rural Livelihoods,Problem affecting local vendors,data/raw/images/rural_livelihoods/problem_affecting_local_vendors/problem_affecting_local_vendors_013.jpg,"हमारे गाँव के नज़दीक की स्थिति बहुत खराब है, यह problem affecting local vendors से जुड़ी समस्या है।",Rural,Low,Medium,Hindi,complementary,high
00795,Rural Livelihoods,Problem affecting local vendors,data/raw/images/rural_livelihoods/problem_affecting_local_vendors/problem_affecting_local_vendors_014.jpg,We are facing an issue of problem affecting local vendors near the market for almost a month.,Rural,Low,Medium,English,both_clear,high
00796,Accessibility,Broken wheelchair ramp,data/raw/images/accessibility/broken_wheelchair_ramp/broken_wheelchair_ramp_000.jpg,"There's there is no proper ramp, making it hard for wheelchair users. This is causing a lot of trouble to residents, especially elderly people and children. We request the concerned department to inspect and resolve this at the earliest. Please fix it soon.",Urban,High,High,English,clear_text_unclear_image,medium
00797,Accessibility,Broken wheelchair ramp,data/raw/images/accessibility/broken_wheelchair_ramp/broken_wheelchair_ramp_001.jpg,"हमें स्कूल के पीछे broken wheelchair ramp की दिक्कत हो रही है, कई दिनों से यह समस्या बनी हुई है।",Rural,High,High,Hindi,complementary,high
00798,Accessibility,Broken wheelchair ramp,data/raw/images/accessibility/broken_wheelchair_ramp/broken_wheelchair_ramp_002.jpg,There's the ramp for disabled persons close to our village is damaged. Many families in the area are affected by this. We have complained before but no action has been taken.,Rural,High,High,English,clear_text_unclear_image,medium
00799,Accessibility,Broken wheelchair ramp,data/raw/images/accessibility/broken_wheelchair_ramp/broken_wheelchair_ramp_003.jpg,"Sir/Madam, there is the wheelchair ramp near the market is broken and unusable. Please take action soon.",Rural,High,High,English,both_clear,high
00800,Accessibility,Broken wheelchair ramp,data/raw/images/accessibility/broken_wheelchair_ramp/broken_wheelchair_ramp_004.jpg,I want to report the ramp for disabled persons next to the bus stop is damaged. Nobody from the authorities has visited yet.,Rural,Medium,Medium,English,both_clear,high
00801,Accessibility,Broken wheelchair ramp,data/raw/images/accessibility/broken_wheelchair_ramp/broken_wheelchair_ramp_005.jpg,Kindly send someone to check this place.,Urban,Low,Medium,English,vague_text_clear_image,medium
00802,Accessibility,Broken wheelchair ramp,data/raw/images/accessibility/broken_wheelchair_ramp/broken_wheelchair_ramp_006.jpg,We have noticed the ramp for disabled persons next to the bus stop is damaged. This needs to be fixed urgently. Please fix it soon.,Rural,High,High,English,both_clear,high
00803,Accessibility,Broken wheelchair ramp,data/raw/images/accessibility/broken_wheelchair_ramp/broken_wheelchair_ramp_007.jpg,"मुख्य सड़क के किनारे broken wheelchair ramp की समस्या है, कृपया जल्द ठीक करें।",Urban,High,High,Hindi,both_clear,high
00804,Accessibility,Broken wheelchair ramp,data/raw/images/accessibility/broken_wheelchair_ramp/broken_wheelchair_ramp_008.jpg,"Sir/Madam, there is the wheelchair ramp outside our house is broken and unusable. Please take action soon.",Semi-Urban,High,High,English,both_clear,high
00805,Accessibility,Broken wheelchair ramp,data/raw/images/accessibility/broken_wheelchair_ramp/broken_wheelchair_ramp_009.jpg,Kindly note that there is the wheelchair ramp next to the bus stop is broken and unusable. Many families in the area are affected by this. We have complained before but no action has been taken. Please fix it soon.,Semi-Urban,Low,Medium,English,clear_text_unclear_image,medium
00806,Accessibility,Broken wheelchair ramp,data/raw/images/accessibility/broken_wheelchair_ramp/broken_wheelchair_ramp_010.jpg,"कॉलोनी के गेट के पास की स्थिति बहुत खराब है, यह broken wheelchair ramp से जुड़ी समस्या है।",Urban,Medium,High,Hindi,clear_text_unclear_image,medium
00807,Accessibility,Broken wheelchair ramp,data/raw/images/accessibility/broken_wheelchair_ramp/broken_wheelchair_ramp_011.jpg,"There's there is no proper ramp, making it hard for wheelchair users. This is right next to the school.",Urban,High,High,English,complementary,high
00808,Accessibility,Broken wheelchair ramp,data/raw/images/accessibility/broken_wheelchair_ramp/broken_wheelchair_ramp_012.jpg,"I want to report the ramp for disabled persons outside our house is damaged. This is causing a lot of trouble to residents, especially elderly people and children. We have complained before but no action has been taken.",Urban,Low,Low,English,both_clear,high
00809,Accessibility,Broken wheelchair ramp,data/raw/images/accessibility/broken_wheelchair_ramp/broken_wheelchair_ramp_013.jpg,"Hamare area mein broken wheelchair ramp ki dikkat hai, hamari gali ke paas.",Semi-Urban,High,High,Hinglish,clear_text_unclear_image,medium
00810,Accessibility,Broken wheelchair ramp,data/raw/images/accessibility/broken_wheelchair_ramp/broken_wheelchair_ramp_014.jpg,"bazaar ke paas broken wheelchair ramp ki problem hai kal raat se, please jaldi fix karo.",Urban,Medium,High,Hinglish,both_clear,high
00811,Accessibility,Missing accessibility ramp,data/raw/images/accessibility/missing_accessibility_ramp/missing_accessibility_ramp_000.jpg,Their is a problem related to missing accessibility ramp near the railway station road. This needs to be fixed urgently.,Urban,Medium,High,English,both_clear,high
00812,Accessibility,Missing accessibility ramp,data/raw/images/accessibility/missing_accessibility_ramp/missing_accessibility_ramp_001.jpg,"Yeh missing accessibility ramp wali problem colony gate ke paas ek mahine se se h, koi dekhne nahi aaya abhi tak.",Rural,Medium,Medium,Hinglish,both_clear,high
00813,Accessibility,Missing accessibility ramp,data/raw/images/accessibility/missing_accessibility_ramp/missing_accessibility_ramp_002.jpg,Kindly send someone to check this place.,Rural,High,High,Hindi,vague_text_clear_image,medium
00814,Accessibility,Missing accessibility ramp,data/raw/images/accessibility/missing_accessibility_ramp/missing_accessibility_ramp_003.jpg,"Hamare area mein missing accessibility ramp ki dikkat hai, school ke peeche.",Rural,Medium,High,Hinglish,both_clear,high
00815,Accessibility,Missing accessibility ramp,data/raw/images/accessibility/missing_accessibility_ramp/missing_accessibility_ramp_004.jpg,"Sir/Madam, hamari gali ke paas missing accessibility ramp ho raha hai, jaldi solve kijiye plz.",Rural,Low,Medium,Hinglish,both_clear,high
00816,Accessibility,Missing accessibility ramp,data/raw/images/accessibility/missing_accessibility_ramp/missing_accessibility_ramp_005.jpg,There is a problem related to missing accessibility ramp near our street. Nobody from the authorities has visited yet.,Rural,Medium,Medium,English,both_clear,high
00817,Accessibility,Missing accessibility ramp,data/raw/images/accessibility/missing_accessibility_ramp/missing_accessibility_ramp_006.jpg,"Yeh missing accessibility ramp wali problem bus stop ke paas ek mahine se se hai, koi dekhne nahi aaya abhi tak.",Semi-Urban,Medium,Medium,Hinglish,clear_text_unclear_image,medium
00818,Accessibility,Missing accessibility ramp,data/raw/images/accessibility/missing_accessibility_ramp/missing_accessibility_ramp_007.jpg,This has been an issue for a while now.,Urban,Low,Medium,English,vague_text_clear_image,medium
00819,Accessibility,Missing accessibility ramp,data/raw/images/accessibility/missing_accessibility_ramp/missing_accessibility_ramp_008.jpg,There is a problem related to missing accessibility ramp behind the school. Children and elderly people use this path daily.,Rural,High,High,English,complementary,high
00820,Accessibility,Missing accessibility ramp,data/raw/images/accessibility/missing_accessibility_ramp/missing_accessibility_ramp_009.jpg,"Yeh missing accessibility ramp wali problem panchayat office ke saamne kal raat se se hai, koi dekhne nahi aaya abhi tak.",Urban,Low,Low,Hinglish,complementary,high
00821,Accessibility,Missing accessibility ramp,data/raw/images/accessibility/missing_accessibility_ramp/missing_accessibility_ramp_010.jpg,We are facing an issue of missing accessibility ramp in front of the panchayat office for several days. This is causing a lot of trouble to residents. No one has come to check yet.,Urban,Medium,Medium,English,both_clear,high
00822,Accessibility,Missing accessibility ramp,data/raw/images/accessibility/missing_accessibility_ramp/missing_accessibility_ramp_011.jpg,There is a problem related to missing accessibility ramp beside the main road.,Urban,Low,Low,English,clear_text_unclear_image,medium
00823,Accessibility,Missing accessibility ramp,data/raw/images/accessibility/missing_accessibility_ramp/missing_accessibility_ramp_012.jpg,"Hamare area mein missing accessibility ramp ki dikkat hai, panchayat office ke saamne.",Rural,Medium,High,Hinglish,both_clear,high
00824,Accessibility,Missing accessibility ramp,data/raw/images/accessibility/missing_accessibility_ramp/missing_accessibility_ramp_013.jpg,"कॉलोनी के गेट के पास की स्थिति बहुत खराब है, यह missing accessibility ramp से जुड़ी समस्या है।",Semi-Urban,High,Medium,Hindi,complementary,high
00825,Accessibility,Missing accessibility ramp,data/raw/images/accessibility/missing_accessibility_ramp/missing_accessibility_ramp_014.jpg,"Sir/Madam, panchayat office ke saamne missing accessibility ramp ho raha hai, jaldi solve kijiye plz.",Rural,High,High,Hinglish,clear_text_unclear_image,medium
00826,Accessibility,Blocked sidewalk,data/raw/images/accessibility/blocked_sidewalk/blocked_sidewalk_000.jpg,Blocked sidewalk has been a problem near the colony gate for over a week.,Rural,Medium,Low,English,both_clear,high
00827,Accessibility,Blocked sidewalk,data/raw/images/accessibility/blocked_sidewalk/blocked_sidewalk_001.jpg,"Citizens are facing trouble due to blocked sidewalk beside the main road. This is causing a lot of trouble to residents, especially elderly people and children. It would be great if someone could visit and check the situation.",Rural,Medium,Low,English,both_clear,high
00828,Accessibility,Blocked sidewalk,data/raw/images/accessibility/blocked_sidewalk/blocked_sidewalk_002.jpg,मुख्य सड़क के किनारे एक गंभीर समस्या है जिसकी वजह Blocked sidewalk है।,Urban,Medium,High,Hindi,both_clear,high
00829,Accessibility,Blocked sidewalk,data/raw/images/accessibility/blocked_sidewalk/blocked_sidewalk_003.jpg,Citizens are facing trouble due to blocked sidewalk at the crossing.,Rural,Medium,Medium,English,both_clear,high
00830,Accessibility,Blocked sidewalk,data/raw/images/accessibility/blocked_sidewalk/blocked_sidewalk_004.jpg,"बाजार के पास blocked sidewalk की समस्या है, कृपया जल्द ठीक करें।",Semi-Urban,Low,Medium,Hindi,clear_text_unclear_image,medium
00831,Accessibility,Blocked sidewalk,data/raw/images/accessibility/blocked_sidewalk/blocked_sidewalk_005.jpg,"Yeh blocked sidewalk wali problem panchayat office ke saamne kal se se hai, koi dekhne nahi aaya abhi tak.",Semi-Urban,Medium,Medium,Hinglish,clear_text_unclear_image,medium
00832,Accessibility,Blocked sidewalk,data/raw/images/accessibility/blocked_sidewalk/blocked_sidewalk_006.jpg,"We are facing an issue of blocked sidewalk beside the main road for several days. This is causing a lot of trouble to residents, especially elderly people and children. We have complained before but no action has been taken.",Urban,High,High,English,both_clear,high
00833,Accessibility,Blocked sidewalk,data/raw/images/accessibility/blocked_sidewalk/blocked_sidewalk_007.jpg,Blocked sidewalk has been a problem behind the school for two weeks now. Many families in the area are affected by this. We request the concerned department to inspect and resolve this at the earliest.,Urban,Medium,Low,English,clear_text_unclear_image,medium
00834,Accessibility,Blocked sidewalk,data/raw/images/accessibility/blocked_sidewalk/blocked_sidewalk_008.jpg,पंचायत भवन के सामने एक गंभीर समस्या है जिसकी वजह Blocked sidewalk है।,Rural,Medium,High,Hindi,both_clear,high
00835,Accessibility,Blocked sidewalk,data/raw/images/accessibility/blocked_sidewalk/blocked_sidewalk_009.jpg,"We are facing an issue of blocked sidewalk near the railway station road for almost a month. This is causing a lot of trouble to residents, especially elderly people and children. We request the concerned department to inspect and resolve this at the earliest.",Urban,Low,Low,English,both_clear,high
00836,Accessibility,Blocked sidewalk,data/raw/images/accessibility/blocked_sidewalk/blocked_sidewalk_010.jpg,Blocked sidewalk has been a problem at the crossing for two weeks now. Nobody from the authorities has visited yet.,Semi-Urban,High,High,English,both_clear,high
00837,Accessibility,Blocked sidewalk,data/raw/images/accessibility/blocked_sidewalk/blocked_sidewalk_011.jpg,"Sir/Madam, panchayat office ke saamne blocked sidewalk ho raha hai, jaldi solve kijiye plz.",Semi-Urban,Medium,Low,Hinglish,clear_text_unclear_image,medium
00838,Accessibility,Blocked sidewalk,data/raw/images/accessibility/blocked_sidewalk/blocked_sidewalk_012.jpg,"There is some problem here, please check when possible.",Semi-Urban,High,High,English,vague_text_clear_image,medium
00839,Accessibility,Blocked sidewalk,data/raw/images/accessibility/blocked_sidewalk/blocked_sidewalk_013.jpg,We are facing an issue of blocked sidewalk near the colony gate since last night. This is right next to the main road.,Semi-Urban,Medium,Medium,English,complementary,high
00840,Accessibility,Blocked sidewalk,data/raw/images/accessibility/blocked_sidewalk/blocked_sidewalk_014.jpg,Citizens are facing trouble due to blocked sidewalk near our street. This needs to be fixed urgently. No one has come to check yet.,Semi-Urban,Low,Medium,English,both_clear,high
00841,Accessibility,Inaccessible public building,data/raw/images/accessibility/inaccessible_public_building/inaccessible_public_building_000.jpg,There is a problem related to inaccessible public building near the railway station road. This is causing a lot of trouble to residents.,Rural,High,High,English,both_clear,high
00842,Accessibility,Inaccessible public building,data/raw/images/accessibility/inaccessible_public_building/inaccessible_public_building_001.jpg,"हमें हमारी गली के पास inaccessible public building की दिक्कत हो रही है, कई दिनों से यह समस्या बनी हुई है।",Rural,Low,Medium,Hindi,complementary,high
00843,Accessibility,Inaccessible public building,data/raw/images/accessibility/inaccessible_public_building/inaccessible_public_building_002.jpg,"बाजार के पास inaccessible public building की समस्या है, कृपया जल्द ठीक करें।",Semi-Urban,Low,Low,Hindi,both_clear,high
00844,Accessibility,Inaccessible public building,data/raw/images/accessibility/inaccessible_public_building/inaccessible_public_building_003.jpg,"कॉलोनी के गेट के पास की स्थिति बहुत खराब है, यह inaccessible public building से जुड़ी समस्या है।",Rural,Medium,Medium,Hindi,both_clear,high
00845,Accessibility,Inaccessible public building,data/raw/images/accessibility/inaccessible_public_building/inaccessible_public_building_004.jpg,"बस स्टॉप के पास की स्थिति बहुत खराब है, यह inaccessible public building से जुड़ी समस्या है।",Urban,Low,Low,Hindi,clear_text_unclear_image,medium
00846,Accessibility,Inaccessible public building,data/raw/images/accessibility/inaccessible_public_building/inaccessible_public_building_005.jpg,Citizens are facing trouble due to inaccessible public building outside our house. This needs to be fixed urgently. No one has come to check yet.,Urban,High,Medium,English,both_clear,high
00847,Accessibility,Inaccessible public building,data/raw/images/accessibility/inaccessible_public_building/inaccessible_public_building_006.jpg,"Yeh inaccessible public building wali problem hamari gali ke paas pichhle teen din se se hai, koi dekhne nahi aaya abhi tak.",Rural,High,High,Hinglish,clear_text_unclear_image,medium
00848,Accessibility,Inaccessible public building,data/raw/images/accessibility/inaccessible_public_building/inaccessible_public_building_007.jpg,बाजार के पास एक गंभीर समस्या है जिसकी वजह Inaccessible public building है।,Rural,Low,Low,Hindi,both_clear,high
00849,Accessibility,Inaccessible public building,data/raw/images/accessibility/inaccessible_public_building/inaccessible_public_building_008.jpg,Citizens are facing trouble due to inaccessible public building near our street. This is right next to the school.,Semi-Urban,High,High,English,complementary,high
00850,Accessibility,Inaccessible public building,data/raw/images/accessibility/inaccessible_public_building/inaccessible_public_building_009.jpg,Inaccessible public building has been a problem near the market since yesterday. This needs to be fixed urgently.,Urban,Low,Low,English,clear_text_unclear_image,medium
00851,Accessibility,Inaccessible public building,data/raw/images/accessibility/inaccessible_public_building/inaccessible_public_building_010.jpg,There is a problem related to inaccessible public building near the colony gate. Children and elderly people use this path daily.,Semi-Urban,High,Medium,English,complementary,high
00852,Accessibility,Inaccessible public building,data/raw/images/accessibility/inaccessible_public_building/inaccessible_public_building_011.jpg,"पंचायत भवन के सामने की स्थिति बहुत खराब है, यह inaccessible public building से जुड़ी समस्या है।",Semi-Urban,High,Medium,Hindi,both_clear,high
00853,Accessibility,Inaccessible public building,data/raw/images/accessibility/inaccessible_public_building/inaccessible_public_building_012.jpg,पंचायत भवन के सामने एक गंभीर समस्या है जिसकी वजह Inaccessible public building है।,Semi-Urban,Low,Medium,Hindi,both_clear,high
00854,Accessibility,Inaccessible public building,data/raw/images/accessibility/inaccessible_public_building/inaccessible_public_building_013.jpg,"हमें बस स्टॉप के पास inaccessible public building की दिक्कत हो रही है, कई दिनों से यह समस्या बनी हुई है।",Rural,Low,Medium,Hindi,both_clear,high
00855,Accessibility,Inaccessible public building,data/raw/images/accessibility/inaccessible_public_building/inaccessible_public_building_014.jpg,"main road ke kinare inaccessible public building ki problem hai ek mahine se, please jaldi fix karo.",Semi-Urban,Low,Low,Hinglish,both_clear,high
00856,Accessibility,Broken handrail,data/raw/images/accessibility/broken_handrail/broken_handrail_000.jpg,There is a problem related to broken handrail at the crossing. Nobody from the authorities has visited yet. Plz look into this asap.,Urban,Medium,Medium,English,both_clear,high
00857,Accessibility,Broken handrail,data/raw/images/accessibility/broken_handrail/broken_handrail_001.jpg,"main road ke kinare broken handrail ki problem hai kal raat se, please jaldi fix karo.",Urban,Low,Medium,Hinglish,both_clear,high
00858,Accessibility,Broken handrail,data/raw/images/accessibility/broken_handrail/broken_handrail_002.jpg,Broken handrail has been a problem next to the bus stop since yesterday. This is causing a lot of trouble to residents.,Urban,Low,Low,English,both_clear,high
00859,Accessibility,Broken handrail,data/raw/images/accessibility/broken_handrail/broken_handrail_003.jpg,Broken handrail has been a problem at the crossing for over a week. This needs to be fixed urgently.,Rural,Low,Medium,English,both_clear,high
00860,Accessibility,Broken handrail,data/raw/images/accessibility/broken_handrail/broken_handrail_004.jpg,There is a problem related to broken handrail near the market. Nobody from the authorities has visited yet.,Semi-Urban,Low,Low,English,both_clear,high
00861,Accessibility,Broken handrail,data/raw/images/accessibility/broken_handrail/broken_handrail_005.jpg,"हमें स्कूल के पीछे broken handrail की दिक्कत हो रही है, कई दिनों से यह समस्या बनी हुई है।",Rural,High,High,Hindi,both_clear,high
00862,Accessibility,Broken handrail,data/raw/images/accessibility/broken_handrail/broken_handrail_006.jpg,"Hamare area mein broken handrail ki dikkat hai, hamari gali ke paas.",Semi-Urban,High,High,Hinglish,both_clear,high
00863,Accessibility,Broken handrail,data/raw/images/accessibility/broken_handrail/broken_handrail_007.jpg,Citizens are facing trouble due to broken handrail near the railway station road.,Urban,High,Medium,English,both_clear,high
00864,Accessibility,Broken handrail,data/raw/images/accessibility/broken_handrail/broken_handrail_008.jpg,"Something is wrong in our area, someone should look into it.",Rural,High,High,English,vague_text_clear_image,medium
00865,Accessibility,Broken handrail,data/raw/images/accessibility/broken_handrail/broken_handrail_009.jpg,"We are facing an issue of broken handrail beside the main road since last night. Also, this has gotten worse since last week.",Rural,Low,Medium,English,complementary,high
00866,Accessibility,Broken handrail,data/raw/images/accessibility/broken_handrail/broken_handrail_010.jpg,There is a problem related to broken handrail near the railway station road. Please take action soon.,Urban,Low,Low,English,both_clear,high
00867,Accessibility,Broken handrail,data/raw/images/accessibility/broken_handrail/broken_handrail_011.jpg,"पंचायत भवन के सामने की स्थिति बहुत खराब है, यह broken handrail से जुड़ी समस्या है।",Rural,Low,Medium,Hindi,both_clear,high
00868,Accessibility,Broken handrail,data/raw/images/accessibility/broken_handrail/broken_handrail_012.jpg,"There is a problem related to broken handrail at the crossing. Plz look into this asap. Also, this has gotten worse since last week.",Rural,Low,Medium,English,complementary,high
00869,Accessibility,Broken handrail,data/raw/images/accessibility/broken_handrail/broken_handrail_013.jpg,We are facing an issue of broken handrail beside the main road since yesterday. Nobody from the authorities has visited yet.,Semi-Urban,Low,Low,English,both_clear,high
00870,Accessibility,Broken handrail,data/raw/images/accessibility/broken_handrail/broken_handrail_014.jpg,"Yeh broken handrail wali problem main road ke kinare do hafte se se hai, koi dekhne nahi aaya abhi tak.",Semi-Urban,High,High,Hinglish,clear_text_unclear_image,medium
00871,Accessibility,Poor accessibility at public transport area,data/raw/images/accessibility/poor_accessibility_at_public_transport_area/poor_accessibility_at_public_transport_area_000.jpg,"Citizens are facing trouble due to poor accessibility at public transport area behind the school. Also, this has gotten worse since last week.",Semi-Urban,High,High,English,complementary,high
00872,Accessibility,Poor accessibility at public transport area,data/raw/images/accessibility/poor_accessibility_at_public_transport_area/poor_accessibility_at_public_transport_area_001.jpg,Poor accessibility at public transport area has been a problem close to our village for almost a month. Many families in the area are affected by this. It would be great if someone could visit and check the situation.,Rural,High,Medium,English,clear_text_unclear_image,medium
00873,Accessibility,Poor accessibility at public transport area,data/raw/images/accessibility/poor_accessibility_at_public_transport_area/poor_accessibility_at_public_transport_area_002.jpg,Citizens are facing trouble due to poor accessibility at public transport area close to our village. Nobody from the authorities has visited yet.,Semi-Urban,Medium,Medium,English,both_clear,high
00874,Accessibility,Poor accessibility at public transport area,data/raw/images/accessibility/poor_accessibility_at_public_transport_area/poor_accessibility_at_public_transport_area_003.jpg,"panchayat office ke saamne poor accessibility at public transport area ki problem hai ek mahine se, please jaldi fix karo.",Rural,High,Medium,Hinglish,clear_text_unclear_image,medium
00875,Accessibility,Poor accessibility at public transport area,data/raw/images/accessibility/poor_accessibility_at_public_transport_area/poor_accessibility_at_public_transport_area_004.jpg,Kindly send someone to check this place.,Semi-Urban,High,High,Hindi,vague_text_clear_image,medium
00876,Accessibility,Poor accessibility at public transport area,data/raw/images/accessibility/poor_accessibility_at_public_transport_area/poor_accessibility_at_public_transport_area_005.jpg,Citizens are facing trouble due to poor accessibility at public transport area near the railway station road. Many families in the area are affected by this. It would be great if someone could visit and check the situation.,Urban,High,High,English,both_clear,high
00877,Accessibility,Poor accessibility at public transport area,data/raw/images/accessibility/poor_accessibility_at_public_transport_area/poor_accessibility_at_public_transport_area_006.jpg,"पंचायत भवन के सामने की स्थिति बहुत खराब है, यह poor accessibility at public transport area से जुड़ी समस्या है।",Semi-Urban,Medium,Low,Hindi,both_clear,high
00878,Accessibility,Poor accessibility at public transport area,data/raw/images/accessibility/poor_accessibility_at_public_transport_area/poor_accessibility_at_public_transport_area_007.jpg,Citizens are facing trouble due to poor accessibility at public transport area near the railway station road.,Semi-Urban,High,High,English,both_clear,high
00879,Accessibility,Poor accessibility at public transport area,data/raw/images/accessibility/poor_accessibility_at_public_transport_area/poor_accessibility_at_public_transport_area_008.jpg,हमारी गली के पास एक गंभीर समस्या है जिसकी वजह Poor accessibility at public transport area है।,Rural,Medium,High,Hindi,both_clear,high
00880,Accessibility,Poor accessibility at public transport area,data/raw/images/accessibility/poor_accessibility_at_public_transport_area/poor_accessibility_at_public_transport_area_009.jpg,"Something is wrong in our area, someone should look into it.",Urban,Low,Low,English,vague_text_clear_image,medium
00881,Accessibility,Poor accessibility at public transport area,data/raw/images/accessibility/poor_accessibility_at_public_transport_area/poor_accessibility_at_public_transport_area_010.jpg,"Hamare area mein poor accessibility at public transport area ki dikkat hai, colony gate ke paas.",Urban,High,High,Hinglish,complementary,high
00882,Accessibility,Poor accessibility at public transport area,data/raw/images/accessibility/poor_accessibility_at_public_transport_area/poor_accessibility_at_public_transport_area_011.jpg,"Sir/Madam, hamari gali ke paas poor accessibility at public transport area ho raha hai, jaldi solve kijiye plz.",Rural,High,High,Hinglish,both_clear,high
00883,Accessibility,Poor accessibility at public transport area,data/raw/images/accessibility/poor_accessibility_at_public_transport_area/poor_accessibility_at_public_transport_area_012.jpg,Poor accessibility at public transport area has been a problem close to our village for almost a month. This is right next to the main road.,Semi-Urban,High,Medium,English,complementary,high
00885,Accessibility,Poor accessibility at public transport area,data/raw/images/accessibility/poor_accessibility_at_public_transport_area/poor_accessibility_at_public_transport_area_014.jpg,Not sure who to contact but this needs attention.,Rural,Low,Medium,Hindi,vague_text_clear_image,medium
00886,Accessibility,Obstacle blocking pedestrian path,data/raw/images/accessibility/obstacle_blocking_pedestrian_path/obstacle_blocking_pedestrian_path_000.jpg,Citizens are facing trouble due to obstacle blocking pedestrian path near the market. Many families in the area are affected by this. It would be great if someone could visit and check the situation. No one has come to check yet.,Rural,Low,Low,English,both_clear,high
00887,Accessibility,Obstacle blocking pedestrian path,data/raw/images/accessibility/obstacle_blocking_pedestrian_path/obstacle_blocking_pedestrian_path_001.jpg,"हमें बाजार के पास obstacle blocking pedestrian path की दिक्कत हो रही है, कई दिनों से यह समस्या बनी हुई है।",Semi-Urban,High,Medium,Hindi,both_clear,high
00888,Accessibility,Obstacle blocking pedestrian path,data/raw/images/accessibility/obstacle_blocking_pedestrian_path/obstacle_blocking_pedestrian_path_002.jpg,Citizens are facing trouble due to obstacle blocking pedestrian path close to our village. This is right next to the main road.,Semi-Urban,Low,Low,English,complementary,high
00889,Accessibility,Obstacle blocking pedestrian path,data/raw/images/accessibility/obstacle_blocking_pedestrian_path/obstacle_blocking_pedestrian_path_003.jpg,We are facing an issue of obstacle blocking pedestrian path near the railway station road since last night. Many families in the area are affected by this. We request the concerned department to inspect and resolve this at the earliest.,Semi-Urban,Low,Low,English,both_clear,high
00890,Accessibility,Obstacle blocking pedestrian path,data/raw/images/accessibility/obstacle_blocking_pedestrian_path/obstacle_blocking_pedestrian_path_004.jpg,Kindly send someone to check this place.,Semi-Urban,Medium,High,Hinglish,vague_text_clear_image,medium
00891,Accessibility,Obstacle blocking pedestrian path,data/raw/images/accessibility/obstacle_blocking_pedestrian_path/obstacle_blocking_pedestrian_path_005.jpg,We are facing an issue of obstacle blocking pedestrian path beside the main road for two weeks now. Please take action soon.,Rural,Medium,High,English,both_clear,high
00892,Accessibility,Obstacle blocking pedestrian path,data/raw/images/accessibility/obstacle_blocking_pedestrian_path/obstacle_blocking_pedestrian_path_006.jpg,"हमारे गाँव के नज़दीक obstacle blocking pedestrian path की समस्या है, कृपया जल्द ठीक करें।",Urban,High,Medium,Hindi,both_clear,high
00893,Accessibility,Obstacle blocking pedestrian path,data/raw/images/accessibility/obstacle_blocking_pedestrian_path/obstacle_blocking_pedestrian_path_007.jpg,"स्कूल के पीछे obstacle blocking pedestrian path की समस्या है, कृपया जल्द ठीक करें।",Urban,Low,Medium,Hindi,both_clear,high
00894,Accessibility,Obstacle blocking pedestrian path,data/raw/images/accessibility/obstacle_blocking_pedestrian_path/obstacle_blocking_pedestrian_path_008.jpg,"There is some problem here, please check when possible.",Urban,High,High,English,vague_text_clear_image,medium
00895,Accessibility,Obstacle blocking pedestrian path,data/raw/images/accessibility/obstacle_blocking_pedestrian_path/obstacle_blocking_pedestrian_path_009.jpg,बस स्टॉप के पास एक गंभीर समस्या है जिसकी वजह Obstacle blocking pedestrian path है।,Semi-Urban,Low,Low,Hindi,both_clear,high
00896,Accessibility,Obstacle blocking pedestrian path,data/raw/images/accessibility/obstacle_blocking_pedestrian_path/obstacle_blocking_pedestrian_path_010.jpg,Obstacle blocking pedestrian path has been a problem at the crossing since yesterday. This needs to be fixed urgently. Please fix it soon.,Rural,High,High,English,both_clear,high
00897,Accessibility,Obstacle blocking pedestrian path,data/raw/images/accessibility/obstacle_blocking_pedestrian_path/obstacle_blocking_pedestrian_path_011.jpg,Citizens are facing trouble due to obstacle blocking pedestrian path outside our house.,Semi-Urban,High,High,English,both_clear,high
00898,Accessibility,Obstacle blocking pedestrian path,data/raw/images/accessibility/obstacle_blocking_pedestrian_path/obstacle_blocking_pedestrian_path_012.jpg,Obstacle blocking pedestrian path has been a problem at the crossing for two weeks now. Please take action soon.,Rural,Low,Medium,English,both_clear,high
00900,Accessibility,Obstacle blocking pedestrian path,data/raw/images/accessibility/obstacle_blocking_pedestrian_path/obstacle_blocking_pedestrian_path_014.jpg,"Sir/Madam, main road ke kinare obstacle blocking pedestrian path ho raha hai, jaldi solve kijiye plz.",Rural,Medium,Medium,Hinglish,both_clear,high
00901,Urban Infrastructure,Pothole,data/raw/images/urban_infrastructure/pothole/pothole_000.jpg,"Sir/Madam, there is a huge pothole near the market and vehicles are struggling to pass. This needs to be fixed urgently.",Urban,Low,Medium,English,both_clear,high
00902,Urban Infrastructure,Pothole,data/raw/images/urban_infrastructure/pothole/pothole_001.jpg,"Sir/Madam, there is a big pothole has formed near our street after the rains. Please take action soon.",Rural,High,High,English,both_clear,high
00903,Urban Infrastructure,Pothole,data/raw/images/urban_infrastructure/pothole/pothole_002.jpg,"Sir/Madam, school ke peeche pothole ho raha hai, jaldi solve kijiye plz.",Semi-Urban,Medium,High,Hinglish,both_clear,high
00904,Urban Infrastructure,Pothole,data/raw/images/urban_infrastructure/pothole/pothole_003.jpg,Kindly note that there is a big pothole has formed close to our village after the rains. Nobody from the authorities has visited yet.,Urban,Medium,Low,English,both_clear,high
00905,Urban Infrastructure,Pothole,data/raw/images/urban_infrastructure/pothole/pothole_004.jpg,There's a huge pothole in front of the panchayat office and vehicles are struggling to pass. Please take action soon.,Rural,Low,Low,English,both_clear,high
00906,Urban Infrastructure,Pothole,data/raw/images/urban_infrastructure/pothole/pothole_005.jpg,"panchayat office ke saamne pothole ki problem h kal se, please jaldi fix karo.",Rural,Low,Low,Hinglish,both_clear,high
00907,Urban Infrastructure,Pothole,data/raw/images/urban_infrastructure/pothole/pothole_006.jpg,Kindly note that there is a big pothole has formed in front of the panchayat office after the rains. This needs to be fixed urgently.,Urban,Low,Medium,English,both_clear,high
00908,Urban Infrastructure,Pothole,data/raw/images/urban_infrastructure/pothole/pothole_007.jpg,"Something is wrong in our area, someone should look into it.",Rural,Low,Low,English,vague_text_clear_image,medium
00909,Urban Infrastructure,Pothole,data/raw/images/urban_infrastructure/pothole/pothole_008.jpg,Kindly send someone to check this place.,Rural,High,High,English,vague_text_clear_image,medium
00910,Urban Infrastructure,Pothole,data/raw/images/urban_infrastructure/pothole/pothole_009.jpg,पंचायत भवन के सामने एक गंभीर समस्या है जिसकी वजह Pothole है।,Semi-Urban,High,Medium,Hindi,clear_text_unclear_image,medium
00911,Urban Infrastructure,Pothole,data/raw/images/urban_infrastructure/pothole/pothole_010.jpg,"Hamare area mein pothole ki dikkat hai, hamari gali ke paas.",Urban,High,High,Hinglish,both_clear,high
00912,Urban Infrastructure,Pothole,data/raw/images/urban_infrastructure/pothole/pothole_011.jpg,"Sir/Madam, there is a big pothole has formed near our street after the rains. This is causing a lot of trouble to residents.",Rural,Low,Low,English,both_clear,high
00913,Urban Infrastructure,Pothole,data/raw/images/urban_infrastructure/pothole/pothole_012.jpg,"Kindly note that there is a deep pothole near the market, bikes almost fall into it. Nobody from the authorities has visited yet.",Rural,Low,Low,English,both_clear,high
00914,Urban Infrastructure,Pothole,data/raw/images/urban_infrastructure/pothole/pothole_013.jpg,"There is some problem here, please check when possible.",Semi-Urban,Low,Low,English,vague_text_clear_image,medium
00915,Urban Infrastructure,Pothole,data/raw/images/urban_infrastructure/pothole/pothole_014.jpg,"Yeh pothole wali problem main road ke kinare do hafte se se hai, koi dekhne nahi aaya abhi tak.",Urban,Low,Low,Hinglish,both_clear,high
00916,Urban Infrastructure,Broken road,data/raw/images/urban_infrastructure/broken_road/broken_road_000.jpg,"Hamare area mein broken road ki dikkat hai, bus stop ke paas.",Semi-Urban,Low,Medium,Hinglish,clear_text_unclear_image,medium
00917,Urban Infrastructure,Broken road,data/raw/images/urban_infrastructure/broken_road/broken_road_001.jpg,We are facing an issue of broken road near our street for the past three days. Plz look into this asap. Children and elderly people use this path daily.,Rural,High,High,English,complementary,high
00918,Urban Infrastructure,Broken road,data/raw/images/urban_infrastructure/broken_road/broken_road_002.jpg,मुख्य सड़क के किनारे एक गंभीर समस्या है जिसकी वजह Broken road है।,Semi-Urban,Medium,High,Hindi,complementary,high
00919,Urban Infrastructure,Broken road,data/raw/images/urban_infrastructure/broken_road/broken_road_003.jpg,We are facing an issue of broken road near the railway station road for the past three days.,Semi-Urban,Medium,High,English,both_clear,high
00920,Urban Infrastructure,Broken road,data/raw/images/urban_infrastructure/broken_road/broken_road_004.jpg,Citizens are facing trouble due to broken road in front of the panchayat office. Nobody from the authorities has visited yet.,Urban,High,High,English,both_clear,high
00921,Urban Infrastructure,Broken road,data/raw/images/urban_infrastructure/broken_road/broken_road_005.jpg,"We are facing an issue of broken road close to our village for two weeks now. Also, this has gotten worse since last week.",Urban,Low,Low,English,complementary,high
00922,Urban Infrastructure,Broken road,data/raw/images/urban_infrastructure/broken_road/broken_road_006.jpg,"हमारी गली के पास की स्थिति बहुत खराब है, यह broken road से जुड़ी समस्या है।",Rural,Medium,High,Hindi,both_clear,high
00923,Urban Infrastructure,Broken road,data/raw/images/urban_infrastructure/broken_road/broken_road_007.jpg,"Sir/Madam, bazaar ke paas broken road ho raha hai, jaldi solve kijiye plz.",Semi-Urban,Low,Low,Hinglish,both_clear,high
00924,Urban Infrastructure,Broken road,data/raw/images/urban_infrastructure/broken_road/broken_road_008.jpg,"Sir/Madam, gaon ke nazdeek broken road ho raha hai, jaldi solve kijiye plz.",Rural,High,Medium,Hinglish,both_clear,high
00925,Urban Infrastructure,Broken road,data/raw/images/urban_infrastructure/broken_road/broken_road_009.jpg,There is a problem related to broken road next to teh bus stop. This needs to be fixed urgently.,Urban,Medium,High,English,both_clear,high
00926,Urban Infrastructure,Broken road,data/raw/images/urban_infrastructure/broken_road/broken_road_010.jpg,Broken road has been a problem at the crossing since yesterday. Plz look into this asap.,Urban,Low,Low,English,both_clear,high
00927,Urban Infrastructure,Broken road,data/raw/images/urban_infrastructure/broken_road/broken_road_011.jpg,"Sir/Madam, bus stop ke paas broken road ho raha hai, jaldi solve kijiye plz.",Semi-Urban,High,High,Hinglish,both_clear,high
00928,Urban Infrastructure,Broken road,data/raw/images/urban_infrastructure/broken_road/broken_road_012.jpg,We are facing an issue of broken road near the market for two weeks now. This is causing a lot of trouble to residents.,Rural,Medium,High,English,both_clear,high
00929,Urban Infrastructure,Broken road,data/raw/images/urban_infrastructure/broken_road/broken_road_013.jpg,Citizens are facing trouble due to broken road in front of the panchayat office. Many families in the area are affected by this. We request the concerned department to inspect and resolve this at the earliest.,Rural,Medium,Medium,English,both_clear,high
00930,Urban Infrastructure,Broken road,data/raw/images/urban_infrastructure/broken_road/broken_road_014.jpg,There is a problem related to broken road near the railway station road.,Semi-Urban,Medium,Medium,English,both_clear,high
00931,Urban Infrastructure,Damaged footpath,data/raw/images/urban_infrastructure/damaged_footpath/damaged_footpath_000.jpg,Damaged footpath has been a problem near the railway station road for almost a month. Many families in the area are affected by this. We have complained before but no action has been taken.,Rural,Medium,Low,English,clear_text_unclear_image,medium
00932,Urban Infrastructure,Damaged footpath,data/raw/images/urban_infrastructure/damaged_footpath/damaged_footpath_001.jpg,"Hamare area mein damaged footpath ki dikkat hai, bazaar ke paas.",Semi-Urban,High,High,Hinglish,both_clear,high
00933,Urban Infrastructure,Damaged footpath,data/raw/images/urban_infrastructure/damaged_footpath/damaged_footpath_002.jpg,"Yeh damaged footpath wali problem main road ke kinare kal se se hai, koi dekhne nahi aaya abhi tak.",Rural,High,High,Hinglish,both_clear,high
00934,Urban Infrastructure,Damaged footpath,data/raw/images/urban_infrastructure/damaged_footpath/damaged_footpath_003.jpg,"Sir/Madam, hamari gali ke paas damaged footpath ho raha hai, jaldi solve kijiye plz.",Semi-Urban,Medium,High,Hinglish,clear_text_unclear_image,medium
00935,Urban Infrastructure,Damaged footpath,data/raw/images/urban_infrastructure/damaged_footpath/damaged_footpath_004.jpg,"हमारी गली के पास damaged footpath की समस्या है, कृपया जल्द ठीक करें।",Urban,Medium,High,Hindi,both_clear,high
00936,Urban Infrastructure,Damaged footpath,data/raw/images/urban_infrastructure/damaged_footpath/damaged_footpath_005.jpg,Citizens are facing trouble due to damaged footpath close to our village. This is causing a lot of trouble to residents. Please fix it soon.,Urban,Medium,Low,English,both_clear,high
00937,Urban Infrastructure,Damaged footpath,data/raw/images/urban_infrastructure/damaged_footpath/damaged_footpath_006.jpg,This has been an issue for a while now.,Rural,Medium,High,Hinglish,vague_text_clear_image,medium
00938,Urban Infrastructure,Damaged footpath,data/raw/images/urban_infrastructure/damaged_footpath/damaged_footpath_007.jpg,Damaged footpath has been a problem in front of the panchayat office for the past three days. This is causing a lot of trouble to residents.,Urban,Medium,Medium,English,clear_text_unclear_image,medium
00939,Urban Infrastructure,Damaged footpath,data/raw/images/urban_infrastructure/damaged_footpath/damaged_footpath_008.jpg,There is a problem related to damaged footpath next to the bus stop. Many families in the area are affected by this. We have complained before but no action has been taken.,Rural,High,High,English,both_clear,high
00940,Urban Infrastructure,Damaged footpath,data/raw/images/urban_infrastructure/damaged_footpath/damaged_footpath_009.jpg,"gaon ke nazdeek damaged footpath ki problem hai kal se, please jaldi fix karo.",Urban,Medium,High,Hinglish,both_clear,high
00941,Urban Infrastructure,Damaged footpath,data/raw/images/urban_infrastructure/damaged_footpath/damaged_footpath_010.jpg,"Sir/Madam, colony gate ke paas damaged footpath ho raha h, jaldi solve kijiye plz.",Semi-Urban,Medium,Low,Hinglish,both_clear,high
00942,Urban Infrastructure,Damaged footpath,data/raw/images/urban_infrastructure/damaged_footpath/damaged_footpath_011.jpg,"Yeh damaged footpath wali problem colony gate ke paas ek hafte se se hai, koi dekhne nahi aaya abhi tak.",Urban,Low,Low,Hinglish,complementary,high
00943,Urban Infrastructure,Damaged footpath,data/raw/images/urban_infrastructure/damaged_footpath/damaged_footpath_012.jpg,"panchayat office ke saamne damaged footpath ki problem hai kal raat se, please jaldi fix karo.",Urban,Low,Low,Hinglish,clear_text_unclear_image,medium
00944,Urban Infrastructure,Damaged footpath,data/raw/images/urban_infrastructure/damaged_footpath/damaged_footpath_013.jpg,Citizens are facing trouble due to damaged footpath beside the main road. This needs to be fixed urgently. Please fix it soon.,Rural,Medium,High,English,both_clear,high
00945,Urban Infrastructure,Damaged footpath,data/raw/images/urban_infrastructure/damaged_footpath/damaged_footpath_014.jpg,There is a problem related to damaged footpath close to our village. It's affecting a lot of families nearby.,Semi-Urban,Low,Low,English,complementary,high
00946,Urban Infrastructure,Broken streetlight,data/raw/images/urban_infrastructure/broken_streetlight/broken_streetlight_000.jpg,मुख्य सड़क के किनारे एक गंभीर समस्या है जिसकी वजह Broken streetlight है।,Semi-Urban,Low,Low,Hindi,both_clear,high
00947,Urban Infrastructure,Broken streetlight,data/raw/images/urban_infrastructure/broken_streetlight/broken_streetlight_001.jpg,"Something is wrong in our area, someone should look into it.",Semi-Urban,High,Medium,Hinglish,vague_text_clear_image,medium
00948,Urban Infrastructure,Broken streetlight,data/raw/images/urban_infrastructure/broken_streetlight/broken_streetlight_002.jpg,Kindly send someone to check this place.,Semi-Urban,Low,Low,Hinglish,vague_text_clear_image,medium
00949,Urban Infrastructure,Broken streetlight,data/raw/images/urban_infrastructure/broken_streetlight/broken_streetlight_003.jpg,This has been an issue for a while now.,Semi-Urban,Low,Medium,Hinglish,vague_text_clear_image,medium
00950,Urban Infrastructure,Broken streetlight,data/raw/images/urban_infrastructure/broken_streetlight/broken_streetlight_004.jpg,"Yeh broken streetlight wali problem bus stop ke paas kal raat se se hai, koi dekhne nahi aaya abhi tak.",Semi-Urban,High,Medium,Hinglish,both_clear,high
00951,Urban Infrastructure,Broken streetlight,data/raw/images/urban_infrastructure/broken_streetlight/broken_streetlight_005.jpg,"bazaar ke paas broken streetlight ki problem hai kal se, please jaldi fix karo.",Rural,Low,Low,Hinglish,clear_text_unclear_image,medium
00952,Urban Infrastructure,Broken streetlight,data/raw/images/urban_infrastructure/broken_streetlight/broken_streetlight_006.jpg,"Hamare area mein broken streetlight ki dikkat hai, bazaar ke paas.",Urban,Medium,Medium,Hinglish,both_clear,high
00953,Urban Infrastructure,Broken streetlight,data/raw/images/urban_infrastructure/broken_streetlight/broken_streetlight_007.jpg,There is the street light near our area is broken for several days.,Semi-Urban,High,High,English,both_clear,high
00955,Urban Infrastructure,Broken streetlight,data/raw/images/urban_infrastructure/broken_streetlight/broken_streetlight_009.jpg,हमारे गाँव के नज़दीक एक गंभीर समस्या है जिसकी वजह Broken streetlight है।,Urban,Low,Low,Hindi,both_clear,high
00957,Urban Infrastructure,Broken streetlight,data/raw/images/urban_infrastructure/broken_streetlight/broken_streetlight_011.jpg,"पंचायत भवन के सामने broken streetlight की समस्या है, कृपया जल्द ठीक करें।",Urban,Medium,Low,Hindi,both_clear,high
00958,Urban Infrastructure,Broken streetlight,data/raw/images/urban_infrastructure/broken_streetlight/broken_streetlight_012.jpg,Kindly note that there is the streetlight beside the main road hasn't been working for two weeks now. Children and elderly people use this path daily.,Semi-Urban,Medium,High,English,complementary,high
00961,Urban Infrastructure,Damaged traffic infrastructure,data/raw/images/urban_infrastructure/damaged_traffic_infrastructure/damaged_traffic_infrastructure_000.jpg,"gaon ke nazdeek damaged traffic infrastructure ki problem hai kal se, please jaldi fix karo.",Urban,Medium,High,Hinglish,both_clear,high
00962,Urban Infrastructure,Damaged traffic infrastructure,data/raw/images/urban_infrastructure/damaged_traffic_infrastructure/damaged_traffic_infrastructure_001.jpg,"There is some problem here, please check when possible.",Semi-Urban,Low,Medium,Hinglish,vague_text_clear_image,medium
00963,Urban Infrastructure,Damaged traffic infrastructure,data/raw/images/urban_infrastructure/damaged_traffic_infrastructure/damaged_traffic_infrastructure_002.jpg,"बस स्टॉप के पास की स्थिति बहुत खराब है, यह damaged traffic infrastructure से जुड़ी समस्या है।",Urban,High,High,Hindi,both_clear,high
00964,Urban Infrastructure,Damaged traffic infrastructure,data/raw/images/urban_infrastructure/damaged_traffic_infrastructure/damaged_traffic_infrastructure_003.jpg,Not sure who to contact but this needs attention.,Urban,High,High,Hinglish,vague_text_clear_image,medium
00965,Urban Infrastructure,Damaged traffic infrastructure,data/raw/images/urban_infrastructure/damaged_traffic_infrastructure/damaged_traffic_infrastructure_004.jpg,"There is a problem related to damaged traffic infrastructure at the crossing. This is causing a lot of trouble to residents, especially elderly people and children. It would be great if someone could visit and check the situation.",Semi-Urban,Medium,High,English,both_clear,high
00966,Urban Infrastructure,Damaged traffic infrastructure,data/raw/images/urban_infrastructure/damaged_traffic_infrastructure/damaged_traffic_infrastructure_005.jpg,There is a problem related to damaged traffic infrastructure near our street. Please take action soon.,Semi-Urban,Medium,Medium,English,both_clear,high
00967,Urban Infrastructure,Damaged traffic infrastructure,data/raw/images/urban_infrastructure/damaged_traffic_infrastructure/damaged_traffic_infrastructure_006.jpg,There is a problem related to damaged traffic infrastructure near the railway station road. This is right next to the main road.,Semi-Urban,Medium,Medium,English,complementary,high
00969,Urban Infrastructure,Damaged traffic infrastructure,data/raw/images/urban_infrastructure/damaged_traffic_infrastructure/damaged_traffic_infrastructure_008.jpg,"हमारी गली के पास की स्थिति बहुत खराब है, यह damaged traffic infrastructure से जुड़ी समस्या है।",Semi-Urban,Medium,Medium,Hindi,both_clear,high
00970,Urban Infrastructure,Damaged traffic infrastructure,data/raw/images/urban_infrastructure/damaged_traffic_infrastructure/damaged_traffic_infrastructure_009.jpg,We are facing an issue of damaged traffic infrastructure behind the school for almost a month. This is right next to the main road.,Rural,High,Medium,English,complementary,high
00971,Urban Infrastructure,Damaged traffic infrastructure,data/raw/images/urban_infrastructure/damaged_traffic_infrastructure/damaged_traffic_infrastructure_010.jpg,"We are facing an issue of damaged traffic infrastructure next to the bus stop for the past three days. This is causing a lot of trouble to residents, especially elderly people and children. It would be great if someone could visit and check the situation. Please fix it soon.",Urban,Low,Low,English,both_clear,high
00972,Urban Infrastructure,Damaged traffic infrastructure,data/raw/images/urban_infrastructure/damaged_traffic_infrastructure/damaged_traffic_infrastructure_011.jpg,"पंचायत भवन के सामने की स्थिति बहुत खराब है, यह damaged traffic infrastructure से जुड़ी समस्या है।",Semi-Urban,Low,Low,Hindi,both_clear,high
00973,Urban Infrastructure,Damaged traffic infrastructure,data/raw/images/urban_infrastructure/damaged_traffic_infrastructure/damaged_traffic_infrastructure_012.jpg,There is a problem related to damaged traffic infrastructure at the crossing. This needs to be fixed urgently.,Urban,Medium,Medium,English,both_clear,high
00974,Urban Infrastructure,Damaged traffic infrastructure,data/raw/images/urban_infrastructure/damaged_traffic_infrastructure/damaged_traffic_infrastructure_013.jpg,"बस स्टॉप के पास damaged traffic infrastructure की समस्या है, कृपया जल्द ठीक करें।",Urban,High,Medium,Hindi,both_clear,high
00975,Urban Infrastructure,Damaged traffic infrastructure,data/raw/images/urban_infrastructure/damaged_traffic_infrastructure/damaged_traffic_infrastructure_014.jpg,"पंचायत भवन के सामने damaged traffic infrastructure की समस्या है, कृपया जल्द ठीक करें।",Semi-Urban,Medium,Medium,Hindi,both_clear,high
00976,Urban Infrastructure,Broken public infrastructure,data/raw/images/urban_infrastructure/broken_public_infrastructure/broken_public_infrastructure_000.jpg,Broken public infrastructure has been a problem next to the bus stop since last night. Many families in the area are affected by this. We have complained before but no action has been taken.,Semi-Urban,Low,Medium,English,clear_text_unclear_image,medium
00977,Urban Infrastructure,Broken public infrastructure,data/raw/images/urban_infrastructure/broken_public_infrastructure/broken_public_infrastructure_001.jpg,We are facing an issue of broken public infrastructure at the crossing for several days. Many families in the area are affected by this. It would be great if someone could visit and check the situation. Plz look into this asap.,Semi-Urban,Medium,Medium,English,both_clear,high
00978,Urban Infrastructure,Broken public infrastructure,data/raw/images/urban_infrastructure/broken_public_infrastructure/broken_public_infrastructure_002.jpg,"स्कूल के पीछे की स्थिति बहुत खराब है, यह broken public infrastructure से जुड़ी समस्या है।",Semi-Urban,Low,Low,Hindi,both_clear,high
00979,Urban Infrastructure,Broken public infrastructure,data/raw/images/urban_infrastructure/broken_public_infrastructure/broken_public_infrastructure_003.jpg,Broken public infrastructure has been a problem at the crossing for two weeks now. Nobody from the authorities has visited yet.,Rural,High,High,English,both_clear,high
00980,Urban Infrastructure,Broken public infrastructure,data/raw/images/urban_infrastructure/broken_public_infrastructure/broken_public_infrastructure_004.jpg,"Hamare area mein broken public infrastructure ki dikkat hai, gaon ke nazdeek.",Urban,Medium,Low,Hinglish,clear_text_unclear_image,medium
00981,Urban Infrastructure,Broken public infrastructure,data/raw/images/urban_infrastructure/broken_public_infrastructure/broken_public_infrastructure_005.jpg,Broken public infrastructure has been a problem beside the main road for over a week.,Urban,Low,Low,English,clear_text_unclear_image,medium
00982,Urban Infrastructure,Broken public infrastructure,data/raw/images/urban_infrastructure/broken_public_infrastructure/broken_public_infrastructure_006.jpg,There is a problem related to broken public infrastructure near the market. It's affecting a lot of families nearby.,Rural,Medium,Medium,English,complementary,high
00983,Urban Infrastructure,Broken public infrastructure,data/raw/images/urban_infrastructure/broken_public_infrastructure/broken_public_infrastructure_007.jpg,"gaon ke nazdeek broken public infrastructure ki problem hai ek mahine se, please jaldi fix karo.",Urban,High,High,Hinglish,clear_text_unclear_image,medium
00984,Urban Infrastructure,Broken public infrastructure,data/raw/images/urban_infrastructure/broken_public_infrastructure/broken_public_infrastructure_008.jpg,Broken public infrastructure has been a problem next to the bus stop for several days. Nobody from the authorities has visited yet.,Urban,Medium,Low,English,clear_text_unclear_image,medium
00985,Urban Infrastructure,Broken public infrastructure,data/raw/images/urban_infrastructure/broken_public_infrastructure/broken_public_infrastructure_009.jpg,"colony gate ke paas broken public infrastructure ki problem hai kal se, please jaldi fix karo.",Semi-Urban,High,High,Hinglish,complementary,high
00986,Urban Infrastructure,Broken public infrastructure,data/raw/images/urban_infrastructure/broken_public_infrastructure/broken_public_infrastructure_010.jpg,"hamari gali ke paas broken public infrastructure ki problem hai kal se, please jaldi fix karo.",Semi-Urban,Medium,Medium,Hinglish,complementary,high
00987,Urban Infrastructure,Broken public infrastructure,data/raw/images/urban_infrastructure/broken_public_infrastructure/broken_public_infrastructure_011.jpg,"Yeh broken public infrastructure wali problem school ke peeche ek mahine se se hai, koi dekhne nahi aaya abhi tak.",Urban,High,High,Hinglish,both_clear,high
00988,Urban Infrastructure,Broken public infrastructure,data/raw/images/urban_infrastructure/broken_public_infrastructure/broken_public_infrastructure_012.jpg,"Hamare area mein broken public infrastructure ki dikkat hai, bazaar ke paas.",Urban,High,Medium,Hinglish,both_clear,high
00989,Urban Infrastructure,Broken public infrastructure,data/raw/images/urban_infrastructure/broken_public_infrastructure/broken_public_infrastructure_013.jpg,Not sure who to contact but this needs attention.,Urban,Low,Low,English,vague_text_clear_image,medium
00990,Urban Infrastructure,Broken public infrastructure,data/raw/images/urban_infrastructure/broken_public_infrastructure/broken_public_infrastructure_014.jpg,We are facing an issue of broken public infrastructure beside the main road for several days. This is causing a lot of trouble to residents. No one has come to check yet.,Semi-Urban,High,High,English,both_clear,high
00991,Urban Infrastructure,Open manhole,data/raw/images/urban_infrastructure/open_manhole/open_manhole_000.jpg,"Hamare area mein open manhole ki dikkat hai, panchayat office ke saamne.",Semi-Urban,High,High,Hinglish,complementary,high
00992,Urban Infrastructure,Open manhole,data/raw/images/urban_infrastructure/open_manhole/open_manhole_001.jpg,There is a problem related to open manhole near the colony gate. This needs to be fixed urgently.,Urban,High,High,English,clear_text_unclear_image,medium
00993,Urban Infrastructure,Open manhole,data/raw/images/urban_infrastructure/open_manhole/open_manhole_002.jpg,"Yeh open manhole wali problem bazaar ke paas ek hafte se se hai, koi dekhne nahi aaya abhi tak.",Urban,Low,Medium,Hinglish,clear_text_unclear_image,medium
00994,Urban Infrastructure,Open manhole,data/raw/images/urban_infrastructure/open_manhole/open_manhole_003.jpg,"Yeh open manhole wali problem school ke peeche kal se se hai, koi dekhne nahi aaya abhi tak.",Urban,Medium,Medium,Hinglish,both_clear,high
00995,Urban Infrastructure,Open manhole,data/raw/images/urban_infrastructure/open_manhole/open_manhole_004.jpg,"Yeh open manhole wali problem hamari gali ke paas kal se se hai, koi dekhne nahi aaya abhi tak.",Urban,Low,Low,Hinglish,clear_text_unclear_image,medium
00996,Urban Infrastructure,Open manhole,data/raw/images/urban_infrastructure/open_manhole/open_manhole_005.jpg,"Something is wrong in our area, someone should look into it.",Urban,High,High,English,vague_text_clear_image,medium
00997,Urban Infrastructure,Open manhole,data/raw/images/urban_infrastructure/open_manhole/open_manhole_006.jpg,Open manhole has been a problem in front of the panchayat office for over a week. Please take action soon.,Semi-Urban,Low,Medium,English,both_clear,high
00998,Urban Infrastructure,Open manhole,data/raw/images/urban_infrastructure/open_manhole/open_manhole_007.jpg,There is a problem related to open manhole beside the main road.,Rural,Medium,Medium,English,both_clear,high
00999,Urban Infrastructure,Open manhole,data/raw/images/urban_infrastructure/open_manhole/open_manhole_008.jpg,We are facing an issue of open manhole beside the main road for almost a month. Many families in the area are affected by this. It would be great if someone could visit and check the situation.,Urban,High,High,English,clear_text_unclear_image,medium
01000,Urban Infrastructure,Open manhole,data/raw/images/urban_infrastructure/open_manhole/open_manhole_009.jpg,बाजार के पास एक गंभीर समस्या है जिसकी वजह Open manhole है।,Semi-Urban,Medium,Medium,Hindi,complementary,high
01001,Urban Infrastructure,Open manhole,data/raw/images/urban_infrastructure/open_manhole/open_manhole_010.jpg,There is a problem related to open manhole close to our village. This is causing a lot of trouble to residents.,Semi-Urban,High,High,English,both_clear,high
01004,Urban Infrastructure,Open manhole,data/raw/images/urban_infrastructure/open_manhole/open_manhole_013.jpg,There is a problem related to open manhole beside the main road. Many families in the area are affected by this. We have complained before but no action has been taken.,Semi-Urban,Low,Low,English,clear_text_unclear_image,medium
01005,Urban Infrastructure,Open manhole,data/raw/images/urban_infrastructure/open_manhole/open_manhole_014.jpg,"There is a problem related to open manhole beside the main road. This is causing a lot of trouble to residents, especially elderly people and children. We request the concerned department to inspect and resolve this at the earliest. Plz look into this asap.",Urban,High,Medium,English,both_clear,high
01006,Urban Infrastructure,Damaged road divider,data/raw/images/urban_infrastructure/damaged_road_divider/damaged_road_divider_000.jpg,मुख्य सड़क के किनारे एक गंभीर समस्या है जिसकी वजह Damaged road divider है।,Rural,Low,Medium,Hindi,clear_text_unclear_image,medium
01007,Urban Infrastructure,Damaged road divider,data/raw/images/urban_infrastructure/damaged_road_divider/damaged_road_divider_001.jpg,"main road ke kinare damaged road divider ki problem hai kal raat se, please jaldi fix karo.",Rural,Low,Low,Hinglish,both_clear,high
01008,Urban Infrastructure,Damaged road divider,data/raw/images/urban_infrastructure/damaged_road_divider/damaged_road_divider_002.jpg,This has been an issue for a while now.,Rural,High,High,Hindi,vague_text_clear_image,medium
01009,Urban Infrastructure,Damaged road divider,data/raw/images/urban_infrastructure/damaged_road_divider/damaged_road_divider_003.jpg,We are facing an issue of damaged road divider at the crossing for several days. Many families in the area are affected by this. It would be great if someone could visit and check the situation.,Rural,Low,Medium,English,both_clear,high
01010,Urban Infrastructure,Damaged road divider,data/raw/images/urban_infrastructure/damaged_road_divider/damaged_road_divider_004.jpg,"कॉलोनी के गेट के पास damaged road divider की समस्या है, कृपया जल्द ठीक करें।",Urban,Low,Medium,Hindi,complementary,high
01011,Urban Infrastructure,Damaged road divider,data/raw/images/urban_infrastructure/damaged_road_divider/damaged_road_divider_005.jpg,"Sir/Madam, panchayat office ke saamne damaged road divider ho raha h, jaldi solve kijiye plz.",Rural,High,Medium,Hinglish,both_clear,high
01012,Urban Infrastructure,Damaged road divider,data/raw/images/urban_infrastructure/damaged_road_divider/damaged_road_divider_006.jpg,"Yeh damaged road divider wali problem bus stop ke paas ek mahine se se hai, koi dekhne nahi aaya abhi tak.",Rural,Medium,Medium,Hinglish,complementary,high
01013,Urban Infrastructure,Damaged road divider,data/raw/images/urban_infrastructure/damaged_road_divider/damaged_road_divider_007.jpg,Damaged road divider has been a problem outside our house for almost a month. Nobody from the authorities has visited yet.,Semi-Urban,Low,Medium,English,clear_text_unclear_image,medium
01014,Urban Infrastructure,Damaged road divider,data/raw/images/urban_infrastructure/damaged_road_divider/damaged_road_divider_008.jpg,There is a problem related to damaged road divider outside our house. Many families in the area are affected by this. We have complained before but no action has been taken.,Semi-Urban,Medium,Low,English,both_clear,high
01015,Urban Infrastructure,Damaged road divider,data/raw/images/urban_infrastructure/damaged_road_divider/damaged_road_divider_009.jpg,"Yeh damaged road divider wali problem main road ke kinare pichhle teen din se se hai, koi dekhne nahi aaya abhi tak.",Semi-Urban,Medium,High,Hinglish,complementary,high
01016,Urban Infrastructure,Damaged road divider,data/raw/images/urban_infrastructure/damaged_road_divider/damaged_road_divider_010.jpg,There is a problem related to damaged road divider near the railway station road. This needs to be fixed urgently.,Rural,Low,Low,English,both_clear,high
01017,Urban Infrastructure,Damaged road divider,data/raw/images/urban_infrastructure/damaged_road_divider/damaged_road_divider_011.jpg,"Sir/Madam, bus stop ke paas damaged road divider ho raha hai, jaldi solve kijiye plz.",Urban,Medium,Medium,Hinglish,both_clear,high
01018,Urban Infrastructure,Damaged road divider,data/raw/images/urban_infrastructure/damaged_road_divider/damaged_road_divider_012.jpg,Not sure who to contact but this needs attention.,Urban,High,High,Hinglish,vague_text_clear_image,medium
01019,Urban Infrastructure,Damaged road divider,data/raw/images/urban_infrastructure/damaged_road_divider/damaged_road_divider_013.jpg,बस स्टॉप के पास एक गंभीर समस्या है जिसकी वजह Damaged road divider है।,Urban,High,High,Hindi,both_clear,high
01020,Urban Infrastructure,Damaged road divider,data/raw/images/urban_infrastructure/damaged_road_divider/damaged_road_divider_014.jpg,We are facing an issue of damaged road divider outside our house for two weeks now.,Semi-Urban,High,High,English,clear_text_unclear_image,medium
01021,Urban Infrastructure,Flooded road,data/raw/images/urban_infrastructure/flooded_road/flooded_road_000.jpg,We are facing an issue of flooded road next to the bus stop for over a week. No one has come to check yet. It's affecting a lot of families nearby.,Urban,Low,Low,English,complementary,high
01022,Urban Infrastructure,Flooded road,data/raw/images/urban_infrastructure/flooded_road/flooded_road_001.jpg,There is a problem related to flooded road at the crossing. This is causing a lot of trouble to residents.,Semi-Urban,Medium,Medium,English,both_clear,high
01023,Urban Infrastructure,Flooded road,data/raw/images/urban_infrastructure/flooded_road/flooded_road_002.jpg,Flooded road has been a problem close to our village since yesterday. Nobody from the authorities has visited yet.,Rural,Medium,High,English,both_clear,high
01024,Urban Infrastructure,Flooded road,data/raw/images/urban_infrastructure/flooded_road/flooded_road_003.jpg,Flooded road has been a problem behind the school for two weeks now. Many families in the area are affected by this. It would be great if someone could visit and check the situation.,Semi-Urban,Low,Medium,English,both_clear,high
01025,Urban Infrastructure,Flooded road,data/raw/images/urban_infrastructure/flooded_road/flooded_road_004.jpg,मुख्य सड़क के किनारे एक गंभीर समस्या है जिसकी वजह Flooded road है।,Semi-Urban,High,High,Hindi,both_clear,high
01026,Urban Infrastructure,Flooded road,data/raw/images/urban_infrastructure/flooded_road/flooded_road_005.jpg,"Sir/Madam, main road ke kinare flooded road ho raha hai, jaldi solve kijiye plz.",Rural,Low,Medium,Hinglish,complementary,high
01027,Urban Infrastructure,Flooded road,data/raw/images/urban_infrastructure/flooded_road/flooded_road_006.jpg,Citizens are facing trouble due to flooded road near the colony gate. Please take action soon.,Rural,Low,Low,English,both_clear,high
01028,Urban Infrastructure,Flooded road,data/raw/images/urban_infrastructure/flooded_road/flooded_road_007.jpg,Kindly send someone to check this place.,Urban,Low,Medium,Hindi,vague_text_clear_image,medium
01029,Urban Infrastructure,Flooded road,data/raw/images/urban_infrastructure/flooded_road/flooded_road_008.jpg,"Flooded road has been a problem in front of the panchayat office for two weeks now. Also, this has gotten worse since last week.",Rural,Medium,Low,English,complementary,high
01030,Urban Infrastructure,Flooded road,data/raw/images/urban_infrastructure/flooded_road/flooded_road_009.jpg,"पंचायत भवन के सामने flooded road की समस्या है, कृपया जल्द ठीक करें।",Semi-Urban,Low,Medium,Hindi,both_clear,high
01031,Urban Infrastructure,Flooded road,data/raw/images/urban_infrastructure/flooded_road/flooded_road_010.jpg,We are facing an issue of flooded road close to our village for two weeks now. This needs to be fixed urgently.,Semi-Urban,Low,Medium,English,both_clear,high
01032,Urban Infrastructure,Flooded road,data/raw/images/urban_infrastructure/flooded_road/flooded_road_011.jpg,"Yeh flooded road wali problem main road ke kinare pichhle teen din se se hai, koi dekhne nahi aaya abhi tak.",Semi-Urban,High,High,Hinglish,clear_text_unclear_image,medium
01033,Urban Infrastructure,Flooded road,data/raw/images/urban_infrastructure/flooded_road/flooded_road_012.jpg,Citizens are facing trouble due to flooded road outside our house.,Rural,Low,Low,English,clear_text_unclear_image,medium
01034,Urban Infrastructure,Flooded road,data/raw/images/urban_infrastructure/flooded_road/flooded_road_013.jpg,बाजार के पास एक गंभीर समस्या है जिसकी वजह Flooded road है।,Rural,Low,Low,Hindi,clear_text_unclear_image,medium
01035,Urban Infrastructure,Flooded road,data/raw/images/urban_infrastructure/flooded_road/flooded_road_014.jpg,There is a problem related to flooded road at teh crossing. This is causing a lot of trouble to residents.,Rural,High,High,English,both_clear,high
01036,Public Service Delivery,Damaged public office,data/raw/images/public_service_delivery/damaged_public_office/damaged_public_office_000.jpg,We are facing an issue of damaged public office in front of the panchayat office for over a week. This is causing a lot of trouble to residents.,Urban,High,Medium,English,both_clear,high
01037,Public Service Delivery,Damaged public office,data/raw/images/public_service_delivery/damaged_public_office/damaged_public_office_001.jpg,बाजार के पास एक गंभीर समस्या है जिसकी वजह Damaged public office है।,Urban,High,High,Hindi,complementary,high
01038,Public Service Delivery,Damaged public office,data/raw/images/public_service_delivery/damaged_public_office/damaged_public_office_002.jpg,Not sure who to contact but this needs attention.,Urban,High,High,Hindi,vague_text_clear_image,medium
01039,Public Service Delivery,Damaged public office,data/raw/images/public_service_delivery/damaged_public_office/damaged_public_office_003.jpg,There is a problem related to damaged public office next to the bus stop. Many families in the area are affected by this. It would be great if someone could visit and check the situation.,Rural,Medium,High,English,both_clear,high
01040,Public Service Delivery,Damaged public office,data/raw/images/public_service_delivery/damaged_public_office/damaged_public_office_004.jpg,"Something is wrong in our area, someone should look into it.",Urban,Medium,Medium,English,vague_text_clear_image,medium
01041,Public Service Delivery,Damaged public office,data/raw/images/public_service_delivery/damaged_public_office/damaged_public_office_005.jpg,"Yeh damaged public office wali problem school ke peeche kal se se hai, koi dekhne nahi aaya abhi tak.",Semi-Urban,High,High,Hinglish,both_clear,high
01043,Public Service Delivery,Damaged public office,data/raw/images/public_service_delivery/damaged_public_office/damaged_public_office_007.jpg,"हमारे गाँव के नज़दीक damaged public office की समस्या है, कृपया जल्द ठीक करें।",Semi-Urban,Low,Medium,Hindi,both_clear,high
01044,Public Service Delivery,Damaged public office,data/raw/images/public_service_delivery/damaged_public_office/damaged_public_office_008.jpg,कॉलोनी के गेट के पास एक गंभीर समस्या है जिसकी वजह Damaged public office है।,Rural,Medium,Low,Hindi,complementary,high
01045,Public Service Delivery,Damaged public office,data/raw/images/public_service_delivery/damaged_public_office/damaged_public_office_009.jpg,Citizens are facing trouble due to damaged public office beside the main road. Please take action soon.,Rural,High,High,English,both_clear,high
01046,Public Service Delivery,Damaged public office,data/raw/images/public_service_delivery/damaged_public_office/damaged_public_office_010.jpg,"hamari gali ke paas damaged public office ki problem hai do hafte se, please jaldi fix karo.",Urban,High,High,Hinglish,both_clear,high
01047,Public Service Delivery,Damaged public office,data/raw/images/public_service_delivery/damaged_public_office/damaged_public_office_011.jpg,We are facing an issue of damaged public office near the railway station road for over a week. Many families in the area are affected by this. We have complained before but no action has been taken.,Semi-Urban,Medium,Medium,English,both_clear,high
01048,Public Service Delivery,Damaged public office,data/raw/images/public_service_delivery/damaged_public_office/damaged_public_office_012.jpg,"बाजार के पास की स्थिति बहुत खराब है, यह damaged public office से जुड़ी समस्या है।",Urban,High,High,Hindi,both_clear,high
01049,Public Service Delivery,Damaged public office,data/raw/images/public_service_delivery/damaged_public_office/damaged_public_office_013.jpg,There is a problem related to damaged public office behind the school. Many families in the area are affected by this. We request the concerned department to inspect and resolve this at the earliest.,Rural,High,High,English,both_clear,high
01050,Public Service Delivery,Damaged public office,data/raw/images/public_service_delivery/damaged_public_office/damaged_public_office_014.jpg,"Citizens are facing trouble due to damaged public office near the market. This is causing a lot of trouble to residents, especially elderly people and children. It would be great if someone could visit and check the situation.",Rural,High,High,English,clear_text_unclear_image,medium
01051,Public Service Delivery,Poor condition of government service centre,data/raw/images/public_service_delivery/poor_condition_of_government_service_centre/poor_condition_of_government_service_centre_000.jpg,Citizens are facing trouble due to poor condition of government service centre near our street. This needs to be fixed urgently. Plz look into this asap.,Urban,Medium,Medium,English,both_clear,high
01052,Public Service Delivery,Poor condition of government service centre,data/raw/images/public_service_delivery/poor_condition_of_government_service_centre/poor_condition_of_government_service_centre_001.jpg,"पंचायत भवन के सामने poor condition of government service centre की समस्या है, कृपया जल्द ठीक करें।",Semi-Urban,Medium,Low,Hindi,both_clear,high
01053,Public Service Delivery,Poor condition of government service centre,data/raw/images/public_service_delivery/poor_condition_of_government_service_centre/poor_condition_of_government_service_centre_002.jpg,Poor condition of government service centre has been a problem in front of the panchayat office for several days. Many families in the area are affected by this. It would be great if someone could visit and check the situation.,Urban,High,High,English,both_clear,high
01054,Public Service Delivery,Poor condition of government service centre,data/raw/images/public_service_delivery/poor_condition_of_government_service_centre/poor_condition_of_government_service_centre_003.jpg,We are facing an issue of poor condition of government service centre close to our village for the past three days. Please take action soon.,Urban,Low,Low,English,both_clear,high
01055,Public Service Delivery,Poor condition of government service centre,data/raw/images/public_service_delivery/poor_condition_of_government_service_centre/poor_condition_of_government_service_centre_004.jpg,Kindly send someone to check this place.,Semi-Urban,Medium,Medium,English,vague_text_clear_image,medium
01056,Public Service Delivery,Poor condition of government service centre,data/raw/images/public_service_delivery/poor_condition_of_government_service_centre/poor_condition_of_government_service_centre_005.jpg,Not sure who to contact but this needs attention.,Rural,Low,Low,Hindi,vague_text_clear_image,medium
01057,Public Service Delivery,Poor condition of government service centre,data/raw/images/public_service_delivery/poor_condition_of_government_service_centre/poor_condition_of_government_service_centre_006.jpg,"colony gate ke paas poor condition of government service centre ki problem hai pichhle teen din se, please jaldi fix karo.",Semi-Urban,High,High,Hinglish,both_clear,high
01058,Public Service Delivery,Poor condition of government service centre,data/raw/images/public_service_delivery/poor_condition_of_government_service_centre/poor_condition_of_government_service_centre_007.jpg,"पंचायत भवन के सामने की स्थिति बहुत खराब है, यह poor condition of government service centre से जुड़ी समस्या है।",Semi-Urban,Low,Medium,Hindi,both_clear,high
01059,Public Service Delivery,Poor condition of government service centre,data/raw/images/public_service_delivery/poor_condition_of_government_service_centre/poor_condition_of_government_service_centre_008.jpg,Citizens are facing trouble due to poor condition of government service centre behind the school. Many families in the area are affected by this. It would be great if someone could visit and check the situation.,Semi-Urban,High,High,English,clear_text_unclear_image,medium
01061,Public Service Delivery,Poor condition of government service centre,data/raw/images/public_service_delivery/poor_condition_of_government_service_centre/poor_condition_of_government_service_centre_010.jpg,Citizens are facing trouble due to poor condition of government service centre next to the bus stop. This is right next to the main road.,Rural,High,High,English,complementary,high
01062,Public Service Delivery,Poor condition of government service centre,data/raw/images/public_service_delivery/poor_condition_of_government_service_centre/poor_condition_of_government_service_centre_011.jpg,"Yeh poor condition of government service centre wali problem gaon ke nazdeek ek hafte se se h, koi dekhne nahi aaya abhi tak.",Rural,Medium,Medium,Hinglish,both_clear,high
01063,Public Service Delivery,Poor condition of government service centre,data/raw/images/public_service_delivery/poor_condition_of_government_service_centre/poor_condition_of_government_service_centre_012.jpg,"Sir/Madam, main road ke kinare poor condition of government service centre ho raha hai, jaldi solve kijiye plz.",Semi-Urban,Medium,Low,Hinglish,clear_text_unclear_image,medium
01064,Public Service Delivery,Poor condition of government service centre,data/raw/images/public_service_delivery/poor_condition_of_government_service_centre/poor_condition_of_government_service_centre_013.jpg,"Yeh poor condition of government service centre wali problem gaon ke nazdeek kal raat se se hai, koi dekhne nahi aaya abhi tak.",Semi-Urban,Medium,Medium,Hinglish,both_clear,high
01065,Public Service Delivery,Poor condition of government service centre,data/raw/images/public_service_delivery/poor_condition_of_government_service_centre/poor_condition_of_government_service_centre_014.jpg,Poor condition of government service centre has been a problem near the colony gate for over a week.,Semi-Urban,Low,Medium,English,both_clear,high
01066,Public Service Delivery,Broken public infrastructure,data/raw/images/public_service_delivery/broken_public_infrastructure/broken_public_infrastructure_000.jpg,Citizens are facing trouble due to broken public infrastructure near the market. This is right next to the school.,Urban,High,High,English,complementary,high
01067,Public Service Delivery,Broken public infrastructure,data/raw/images/public_service_delivery/broken_public_infrastructure/broken_public_infrastructure_001.jpg,We are facing an issue of broken public infrastructure at the crossing for two weeks now. This needs to be fixed urgently.,Semi-Urban,Medium,Medium,English,clear_text_unclear_image,medium
01068,Public Service Delivery,Broken public infrastructure,data/raw/images/public_service_delivery/broken_public_infrastructure/broken_public_infrastructure_002.jpg,There is a problem related to broken public infrastructure in front of the panchayat office.,Urban,Medium,Medium,English,both_clear,high
01069,Public Service Delivery,Broken public infrastructure,data/raw/images/public_service_delivery/broken_public_infrastructure/broken_public_infrastructure_003.jpg,"स्कूल के पीछे की स्थिति बहुत खराब है, यह broken public infrastructure से जुड़ी समस्या है।",Rural,High,High,Hindi,both_clear,high
01070,Public Service Delivery,Broken public infrastructure,data/raw/images/public_service_delivery/broken_public_infrastructure/broken_public_infrastructure_004.jpg,There is a problem related to broken public infrastructure near our street. This needs to be fixed urgently.,Rural,Low,Low,English,clear_text_unclear_image,medium
01071,Public Service Delivery,Broken public infrastructure,data/raw/images/public_service_delivery/broken_public_infrastructure/broken_public_infrastructure_005.jpg,"Yeh broken public infrastructure wali problem colony gate ke paas ek mahine se se hai, koi dekhne nahi aaya abhi tak.",Semi-Urban,Low,Low,Hinglish,both_clear,high
01072,Public Service Delivery,Broken public infrastructure,data/raw/images/public_service_delivery/broken_public_infrastructure/broken_public_infrastructure_006.jpg,We are facing an issue of broken public infrastructure next to the bus stop for the past three days. This is right next to the main road.,Urban,Low,Low,English,complementary,high
01073,Public Service Delivery,Broken public infrastructure,data/raw/images/public_service_delivery/broken_public_infrastructure/broken_public_infrastructure_007.jpg,"bazaar ke paas broken public infrastructure ki problem hai do hafte se, please jaldi fix karo.",Rural,Medium,Medium,Hinglish,clear_text_unclear_image,medium
01074,Public Service Delivery,Broken public infrastructure,data/raw/images/public_service_delivery/broken_public_infrastructure/broken_public_infrastructure_008.jpg,Citizens are facing trouble due to broken public infrastructure outside our house. Nobody from the authorities has visited yet. Plz look into this asap.,Urban,Medium,Medium,English,both_clear,high
01075,Public Service Delivery,Broken public infrastructure,data/raw/images/public_service_delivery/broken_public_infrastructure/broken_public_infrastructure_009.jpg,Broken public infrastructure has been a problem beside the main road since yesterday. Many families in the area are affected by this. We have complained before but no action has been taken.,Rural,High,High,English,clear_text_unclear_image,medium
01076,Public Service Delivery,Broken public infrastructure,data/raw/images/public_service_delivery/broken_public_infrastructure/broken_public_infrastructure_010.jpg,Broken public infrastructure has been a problem close to our village for over a week. This is right next to the temple.,Semi-Urban,High,High,English,complementary,high
01077,Public Service Delivery,Broken public infrastructure,data/raw/images/public_service_delivery/broken_public_infrastructure/broken_public_infrastructure_011.jpg,There is a problem related to broken public infrastructure close to our village. This is causing a lot of trouble to residents.,Rural,Low,Low,English,clear_text_unclear_image,medium
01078,Public Service Delivery,Broken public infrastructure,data/raw/images/public_service_delivery/broken_public_infrastructure/broken_public_infrastructure_012.jpg,"There is some problem here, please check when possible.",Urban,Medium,Medium,English,vague_text_clear_image,medium
01079,Public Service Delivery,Broken public infrastructure,data/raw/images/public_service_delivery/broken_public_infrastructure/broken_public_infrastructure_013.jpg,Citizens are facing trouble due to broken public infrastructure beside the main road.,Semi-Urban,High,High,English,both_clear,high
01080,Public Service Delivery,Broken public infrastructure,data/raw/images/public_service_delivery/broken_public_infrastructure/broken_public_infrastructure_014.jpg,हमारे गाँव के नज़दीक एक गंभीर समस्या है जिसकी वजह Broken public infrastructure है।,Rural,Low,Medium,Hindi,both_clear,high
01081,Public Service Delivery,Long unused public facility,data/raw/images/public_service_delivery/long_unused_public_facility/long_unused_public_facility_000.jpg,Long unused public facility has been a problem close to our village for over a week. Please take action soon.,Rural,Medium,Low,English,clear_text_unclear_image,medium
01082,Public Service Delivery,Long unused public facility,data/raw/images/public_service_delivery/long_unused_public_facility/long_unused_public_facility_001.jpg,Long unused public facility has been a problem near the market for over a week. Nobody from the authorities has visited yet.,Semi-Urban,High,High,English,both_clear,high
01083,Public Service Delivery,Long unused public facility,data/raw/images/public_service_delivery/long_unused_public_facility/long_unused_public_facility_002.jpg,"Yeh long unused public facility wali problem bazaar ke paas do hafte se se hai, koi dekhne nahi aaya abhi tak.",Rural,High,High,Hinglish,both_clear,high
01084,Public Service Delivery,Long unused public facility,data/raw/images/public_service_delivery/long_unused_public_facility/long_unused_public_facility_003.jpg,"Sir/Madam, colony gate ke paas long unused public facility ho raha hai, jaldi solve kijiye plz.",Rural,Medium,Medium,Hinglish,both_clear,high
01085,Public Service Delivery,Long unused public facility,data/raw/images/public_service_delivery/long_unused_public_facility/long_unused_public_facility_004.jpg,There is a problem related to long unused public facility at the crossing. Plz look into this asap.,Rural,Low,Medium,English,both_clear,high
01086,Public Service Delivery,Long unused public facility,data/raw/images/public_service_delivery/long_unused_public_facility/long_unused_public_facility_005.jpg,We are facing an issue of long unused public facility in front of the panchayat office for almost a month. Nobody from the authorities has visited yet.,Rural,Low,Medium,English,both_clear,high
01087,Public Service Delivery,Long unused public facility,data/raw/images/public_service_delivery/long_unused_public_facility/long_unused_public_facility_006.jpg,There is a problem related to long unused public facility near the colony gate.,Rural,Medium,Medium,English,both_clear,high
01088,Public Service Delivery,Long unused public facility,data/raw/images/public_service_delivery/long_unused_public_facility/long_unused_public_facility_007.jpg,We are facing an issue of long unused public facility next to the bus stop for the past three days. Nobody from the authorities has visited yet.,Urban,High,High,English,both_clear,high
01089,Public Service Delivery,Long unused public facility,data/raw/images/public_service_delivery/long_unused_public_facility/long_unused_public_facility_008.jpg,"बाजार के पास की स्थिति बहुत खराब है, यह long unused public facility से जुड़ी समस्या है।",Urban,Low,Medium,Hindi,both_clear,high
01090,Public Service Delivery,Long unused public facility,data/raw/images/public_service_delivery/long_unused_public_facility/long_unused_public_facility_009.jpg,"Sir/Madam, panchayat office ke saamne long unused public facility ho raha hai, jaldi solve kijiye plz.",Urban,Medium,Medium,Hinglish,both_clear,high
01091,Public Service Delivery,Long unused public facility,data/raw/images/public_service_delivery/long_unused_public_facility/long_unused_public_facility_010.jpg,We are facing an issue of long unused public facility next to the bus stop for several days. Nobody from the authorities has visited yet.,Urban,High,High,English,both_clear,high
01092,Public Service Delivery,Long unused public facility,data/raw/images/public_service_delivery/long_unused_public_facility/long_unused_public_facility_011.jpg,Long unused public facility has been a problem beside the main road for almost a month. Nobody from the authorities has visited yet.,Semi-Urban,Low,Low,English,both_clear,high
01093,Public Service Delivery,Long unused public facility,data/raw/images/public_service_delivery/long_unused_public_facility/long_unused_public_facility_012.jpg,Citizens are facing trouble due to long unused public facility next to the bus stop.,Rural,High,Medium,English,both_clear,high
01094,Public Service Delivery,Long unused public facility,data/raw/images/public_service_delivery/long_unused_public_facility/long_unused_public_facility_013.jpg,"Something is wrong in our area, someone should look into it.",Rural,Low,Medium,Hinglish,vague_text_clear_image,medium
01095,Public Service Delivery,Long unused public facility,data/raw/images/public_service_delivery/long_unused_public_facility/long_unused_public_facility_014.jpg,"Long unused public facility has been a problem beside the main road for two weeks now. This is causing a lot of trouble to residents, especially elderly people and children. We have complained before but no action has been taken.",Rural,High,High,English,both_clear,high
01096,Public Service Delivery,Missing public information board,data/raw/images/public_service_delivery/missing_public_information_board/missing_public_information_board_000.jpg,There is a problem related to missing public information board near the colony gate. This is right next to the temple.,Semi-Urban,High,High,English,complementary,high
01097,Public Service Delivery,Missing public information board,data/raw/images/public_service_delivery/missing_public_information_board/missing_public_information_board_001.jpg,"There is some problem here, please check when possible.",Urban,Low,Low,English,vague_text_clear_image,medium
01098,Public Service Delivery,Missing public information board,data/raw/images/public_service_delivery/missing_public_information_board/missing_public_information_board_002.jpg,"Hamare area mein missing public information board ki dikkat hai, colony gate ke paas.",Rural,Medium,High,Hinglish,both_clear,high
01099,Public Service Delivery,Missing public information board,data/raw/images/public_service_delivery/missing_public_information_board/missing_public_information_board_003.jpg,Missing public information board has been a problem close to our village since last night. Nobody from the authorities has visited yet.,Urban,Low,Low,English,both_clear,high
01100,Public Service Delivery,Missing public information board,data/raw/images/public_service_delivery/missing_public_information_board/missing_public_information_board_004.jpg,Citizens are facing trouble due to missing public information board near the market. This is causing a lot of trouble to residents.,Rural,Medium,Medium,English,both_clear,high
01101,Public Service Delivery,Missing public information board,data/raw/images/public_service_delivery/missing_public_information_board/missing_public_information_board_005.jpg,"हमारी गली के पास missing public information board की समस्या है, कृपया जल्द ठीक करें।",Rural,High,High,Hindi,complementary,high
01102,Public Service Delivery,Missing public information board,data/raw/images/public_service_delivery/missing_public_information_board/missing_public_information_board_006.jpg,Kindly send someone to check this place.,Rural,Medium,Medium,English,vague_text_clear_image,medium
01103,Public Service Delivery,Missing public information board,data/raw/images/public_service_delivery/missing_public_information_board/missing_public_information_board_007.jpg,We are facing an issue of missing public information board near the market since last night. Many families in the area are affected by this. It would be great if someone could visit and check the situation.,Semi-Urban,Medium,Medium,English,both_clear,high
01104,Public Service Delivery,Missing public information board,data/raw/images/public_service_delivery/missing_public_information_board/missing_public_information_board_008.jpg,"हमें बस स्टॉप के पास missing public information board की दिक्कत हो रही है, कई दिनों से यह समस्या बनी हुई है।",Rural,Low,Low,Hindi,complementary,high
01105,Public Service Delivery,Missing public information board,data/raw/images/public_service_delivery/missing_public_information_board/missing_public_information_board_009.jpg,"Yeh missing public information board wali problem main road ke kinare ek hafte se se hai, koi dekhne nahi aaya abhi tak.",Rural,Medium,Medium,Hinglish,both_clear,high
01106,Public Service Delivery,Missing public information board,data/raw/images/public_service_delivery/missing_public_information_board/missing_public_information_board_010.jpg,We are facing an issue of missing public information board near the market for the past three days. Many families in the area are affected by this. We request the concerned department to inspect and resolve this at the earliest.,Urban,High,High,English,clear_text_unclear_image,medium
01107,Public Service Delivery,Missing public information board,data/raw/images/public_service_delivery/missing_public_information_board/missing_public_information_board_011.jpg,Missing public information board has been a problem near the colony gate for the past three days.,Rural,High,High,English,both_clear,high
01108,Public Service Delivery,Missing public information board,data/raw/images/public_service_delivery/missing_public_information_board/missing_public_information_board_012.jpg,मुख्य सड़क के किनारे एक गंभीर समस्या है जिसकी वजह Missing public information board है।,Rural,Medium,High,Hindi,complementary,high
01109,Public Service Delivery,Missing public information board,data/raw/images/public_service_delivery/missing_public_information_board/missing_public_information_board_013.jpg,Missing public information board has been a problem beside the main road for almost a month. This needs to be fixed urgently.,Urban,High,High,English,both_clear,high
01110,Public Service Delivery,Missing public information board,data/raw/images/public_service_delivery/missing_public_information_board/missing_public_information_board_014.jpg,We are facing an issue of missing public information board close to our village since last night. This is causing a lot of trouble to residents.,Urban,High,High,English,both_clear,high
01111,Public Service Delivery,Damaged citizen service infrastructure,data/raw/images/public_service_delivery/damaged_citizen_service_infrastructure/damaged_citizen_service_infrastructure_000.jpg,"Something is wrong in our area, someone should look into it.",Semi-Urban,Medium,High,Hindi,vague_text_clear_image,medium
01112,Public Service Delivery,Damaged citizen service infrastructure,data/raw/images/public_service_delivery/damaged_citizen_service_infrastructure/damaged_citizen_service_infrastructure_001.jpg,This has been an issue for a while now.,Urban,Low,Medium,English,vague_text_clear_image,medium
01113,Public Service Delivery,Damaged citizen service infrastructure,data/raw/images/public_service_delivery/damaged_citizen_service_infrastructure/damaged_citizen_service_infrastructure_002.jpg,"We are facing an issue of damaged citizen service infrastructure next to the bus stop for over a week. This is causing a lot of trouble to residents, especially elderly people and children. We have complained before but no action has been taken.",Urban,Medium,High,English,both_clear,high
01114,Public Service Delivery,Damaged citizen service infrastructure,data/raw/images/public_service_delivery/damaged_citizen_service_infrastructure/damaged_citizen_service_infrastructure_003.jpg,"There is some problem here, please check when possible.",Rural,Low,Low,Hinglish,vague_text_clear_image,medium
01115,Public Service Delivery,Damaged citizen service infrastructure,data/raw/images/public_service_delivery/damaged_citizen_service_infrastructure/damaged_citizen_service_infrastructure_004.jpg,Damaged citizen service infrastructure has been a problem in front of the panchayat office since yesterday. Many families in the area are affected by this. It would be great if someone could visit and check the situation.,Urban,Medium,Medium,English,clear_text_unclear_image,medium
01116,Public Service Delivery,Damaged citizen service infrastructure,data/raw/images/public_service_delivery/damaged_citizen_service_infrastructure/damaged_citizen_service_infrastructure_005.jpg,Damaged citizen service infrastructure has been a problem next to the bus stop since last night. It's affecting a lot of families nearby.,Urban,High,Medium,English,complementary,high
01117,Public Service Delivery,Damaged citizen service infrastructure,data/raw/images/public_service_delivery/damaged_citizen_service_infrastructure/damaged_citizen_service_infrastructure_006.jpg,Citizens are facing trouble due to damaged citizen service infrastructure outside our house. Please take action soon. No one has come to check yet.,Rural,High,High,English,clear_text_unclear_image,medium
01118,Public Service Delivery,Damaged citizen service infrastructure,data/raw/images/public_service_delivery/damaged_citizen_service_infrastructure/damaged_citizen_service_infrastructure_007.jpg,Citizens are facing trouble due to damaged citizen service infrastructure near the colony gate.,Urban,Medium,Low,English,both_clear,high
01119,Public Service Delivery,Damaged citizen service infrastructure,data/raw/images/public_service_delivery/damaged_citizen_service_infrastructure/damaged_citizen_service_infrastructure_008.jpg,"Sir/Madam, hamari gali ke paas damaged citizen service infrastructure ho raha h, jaldi solve kijiye plz.",Urban,Medium,Medium,Hinglish,clear_text_unclear_image,medium
01120,Public Service Delivery,Damaged citizen service infrastructure,data/raw/images/public_service_delivery/damaged_citizen_service_infrastructure/damaged_citizen_service_infrastructure_009.jpg,We are facing an issue of damaged citizen service infrastructure close to our village for two weeks now. Please take action soon. Please fix it soon.,Rural,Medium,High,English,both_clear,high
01121,Public Service Delivery,Damaged citizen service infrastructure,data/raw/images/public_service_delivery/damaged_citizen_service_infrastructure/damaged_citizen_service_infrastructure_010.jpg,We are facing an issue of damaged citizen service infrastructure in front of the panchayat office for almost a month. Please take action soon.,Urban,Low,Low,English,both_clear,high
01122,Public Service Delivery,Damaged citizen service infrastructure,data/raw/images/public_service_delivery/damaged_citizen_service_infrastructure/damaged_citizen_service_infrastructure_011.jpg,"Yeh damaged citizen service infrastructure wali problem gaon ke nazdeek ek hafte se se hai, koi dekhne nahi aaya abhi tak.",Semi-Urban,Low,Low,Hinglish,both_clear,high
01123,Public Service Delivery,Damaged citizen service infrastructure,data/raw/images/public_service_delivery/damaged_citizen_service_infrastructure/damaged_citizen_service_infrastructure_012.jpg,"Sir/Madam, colony gate ke paas damaged citizen service infrastructure ho raha hai, jaldi solve kijiye plz.",Semi-Urban,Low,Low,Hinglish,clear_text_unclear_image,medium
01124,Public Service Delivery,Damaged citizen service infrastructure,data/raw/images/public_service_delivery/damaged_citizen_service_infrastructure/damaged_citizen_service_infrastructure_013.jpg,"Sir/Madam, gaon ke nazdeek damaged citizen service infrastructure ho raha hai, jaldi solve kijiye plz.",Urban,Medium,Medium,Hinglish,complementary,high
01125,Public Service Delivery,Damaged citizen service infrastructure,data/raw/images/public_service_delivery/damaged_citizen_service_infrastructure/damaged_citizen_service_infrastructure_014.jpg,We are facing an issue of damaged citizen service infrastructure near our street for several days. Nobody from the authorities has visited yet. Please fix it soon.,Semi-Urban,Low,Low,English,both_clear,high
01126,Public Service Delivery,Poor access to government services,data/raw/images/public_service_delivery/poor_access_to_government_services/poor_access_to_government_services_000.jpg,Citizens are facing trouble due to poor access to government services outside our house. This needs to be fixed urgently.,Urban,High,High,English,both_clear,high
01127,Public Service Delivery,Poor access to government services,data/raw/images/public_service_delivery/poor_access_to_government_services/poor_access_to_government_services_001.jpg,"बस स्टॉप के पास की स्थिति बहुत खराब है, यह poor access to government services से जुड़ी समस्या है।",Urban,High,Medium,Hindi,both_clear,high
01128,Public Service Delivery,Poor access to government services,data/raw/images/public_service_delivery/poor_access_to_government_services/poor_access_to_government_services_002.jpg,"Citizens are facing trouble due to poor access to government services close to our village. Also, this has gotten worse since last week.",Rural,High,High,English,complementary,high
01129,Public Service Delivery,Poor access to government services,data/raw/images/public_service_delivery/poor_access_to_government_services/poor_access_to_government_services_003.jpg,There is a problem related to poor access to government services at the crossing. This is causing a lot of trouble to residents. Plz look into this asap.,Urban,Low,Medium,English,both_clear,high
01130,Public Service Delivery,Poor access to government services,data/raw/images/public_service_delivery/poor_access_to_government_services/poor_access_to_government_services_004.jpg,There is a problem related to poor access to government services in front of the panchayat office. Nobody from the authorities has visited yet.,Rural,High,High,English,both_clear,high
01131,Public Service Delivery,Poor access to government services,data/raw/images/public_service_delivery/poor_access_to_government_services/poor_access_to_government_services_005.jpg,"मुख्य सड़क के किनारे की स्थिति बहुत खराब है, यह poor access to government services से जुड़ी समस्या है।",Urban,Low,Low,Hindi,clear_text_unclear_image,medium
01132,Public Service Delivery,Poor access to government services,data/raw/images/public_service_delivery/poor_access_to_government_services/poor_access_to_government_services_006.jpg,We are facing an issue of poor access to government services near the colony gate for several days. Please take action soon.,Rural,High,High,English,both_clear,high
01133,Public Service Delivery,Poor access to government services,data/raw/images/public_service_delivery/poor_access_to_government_services/poor_access_to_government_services_007.jpg,Poor access to government services has been a problem near the market since last night. Many families in the area are affected by this. We have complained before but no action has been taken.,Rural,High,High,English,both_clear,high
01134,Public Service Delivery,Poor access to government services,data/raw/images/public_service_delivery/poor_access_to_government_services/poor_access_to_government_services_008.jpg,"हमें कॉलोनी के गेट के पास poor access to government services की दिक्कत हो रही है, कई दिनों से यह समस्या बनी हुई है।",Urban,High,High,Hindi,both_clear,high
01135,Public Service Delivery,Poor access to government services,data/raw/images/public_service_delivery/poor_access_to_government_services/poor_access_to_government_services_009.jpg,Poor access to government services has been a problem near the colony gate for almost a month. Many families in the area are affected by this. We request the concerned department to inspect and resolve this at the earliest.,Urban,Medium,High,English,both_clear,high
01136,Public Service Delivery,Poor access to government services,data/raw/images/public_service_delivery/poor_access_to_government_services/poor_access_to_government_services_010.jpg,Poor access to government services has been a problem next to the bus stop for two weeks now. This needs to be fixed urgently.,Urban,High,Medium,English,both_clear,high
01137,Public Service Delivery,Poor access to government services,data/raw/images/public_service_delivery/poor_access_to_government_services/poor_access_to_government_services_011.jpg,बाजार के पास एक गंभीर समस्या है जिसकी वजह Poor access to government services है।,Urban,High,Medium,Hindi,both_clear,high
01138,Public Service Delivery,Poor access to government services,data/raw/images/public_service_delivery/poor_access_to_government_services/poor_access_to_government_services_012.jpg,"Sir/Madam, hamari gali ke paas poor access to government services ho raha h, jaldi solve kijiye plz.",Rural,Low,Medium,Hinglish,both_clear,high
01139,Public Service Delivery,Poor access to government services,data/raw/images/public_service_delivery/poor_access_to_government_services/poor_access_to_government_services_013.jpg,We are facing an issue of poor access to government services close to our village for the past three days. This needs to be fixed urgently.,Rural,High,High,English,both_clear,high
01140,Public Service Delivery,Poor access to government services,data/raw/images/public_service_delivery/poor_access_to_government_services/poor_access_to_government_services_014.jpg,This has been an issue for a while now.,Semi-Urban,Medium,Medium,Hindi,vague_text_clear_image,medium
01141,Waste Management,Garbage accumulation,data/raw/images/waste_management/garbage_accumulation/garbage_accumulation_000.jpg,"बाजार के पास garbage accumulation की समस्या है, कृपया जल्द ठीक करें।",Rural,Medium,Low,Hindi,both_clear,high
01142,Waste Management,Garbage accumulation,data/raw/images/waste_management/garbage_accumulation/garbage_accumulation_001.jpg,There is a problem related to garbage accumulation near the railway station road. This is causing a lot of trouble to residents.,Urban,Low,Low,English,both_clear,high
01143,Waste Management,Garbage accumulation,data/raw/images/waste_management/garbage_accumulation/garbage_accumulation_002.jpg,"Something is wrong in our area, someone should look into it.",Urban,High,High,Hinglish,vague_text_clear_image,medium
01144,Waste Management,Garbage accumulation,data/raw/images/waste_management/garbage_accumulation/garbage_accumulation_003.jpg,This has been an issue for a while now.,Semi-Urban,Medium,Medium,Hindi,vague_text_clear_image,medium
01145,Waste Management,Garbage accumulation,data/raw/images/waste_management/garbage_accumulation/garbage_accumulation_004.jpg,"Sir/Madam, gaon ke nazdeek garbage accumulation ho raha hai, jaldi solve kijiye plz.",Urban,Medium,Medium,Hinglish,clear_text_unclear_image,medium
01146,Waste Management,Garbage accumulation,data/raw/images/waste_management/garbage_accumulation/garbage_accumulation_005.jpg,"Hamare area mein garbage accumulation ki dikkat hai, gaon ke nazdeek.",Urban,Medium,Medium,Hinglish,both_clear,high
01147,Waste Management,Garbage accumulation,data/raw/images/waste_management/garbage_accumulation/garbage_accumulation_006.jpg,Not sure who to contact but this needs attention.,Semi-Urban,Low,Medium,Hinglish,vague_text_clear_image,medium
01148,Waste Management,Garbage accumulation,data/raw/images/waste_management/garbage_accumulation/garbage_accumulation_007.jpg,Garbage accumulation has been a problem close to our village for several days. This is causing a lot of trouble to residents.,Urban,Medium,Medium,English,both_clear,high
01149,Waste Management,Garbage accumulation,data/raw/images/waste_management/garbage_accumulation/garbage_accumulation_008.jpg,"हमें कॉलोनी के गेट के पास garbage accumulation की दिक्कत हो रही है, कई दिनों से यह समस्या बनी हुई है।",Semi-Urban,High,Medium,Hindi,complementary,high
01150,Waste Management,Garbage accumulation,data/raw/images/waste_management/garbage_accumulation/garbage_accumulation_009.jpg,"Garbage accumulation has been a problem outside our house for over a week. This is causing a lot of trouble to residents, especially elderly people and children. We request the concerned department to inspect and resolve this at the earliest.",Semi-Urban,Medium,Low,English,both_clear,high
01151,Waste Management,Garbage accumulation,data/raw/images/waste_management/garbage_accumulation/garbage_accumulation_010.jpg,"Sir/Madam, hamari gali ke paas garbage accumulation ho raha hai, jaldi solve kijiye plz.",Urban,Low,Medium,Hinglish,both_clear,high
01152,Waste Management,Garbage accumulation,data/raw/images/waste_management/garbage_accumulation/garbage_accumulation_011.jpg,Citizens are facing trouble due to garbage accumulation behind the school. Please take action soon.,Rural,Medium,Medium,English,both_clear,high
01153,Waste Management,Garbage accumulation,data/raw/images/waste_management/garbage_accumulation/garbage_accumulation_012.jpg,Garbage accumulation has been a problem beside the main road for two weeks now.,Semi-Urban,Low,Low,English,both_clear,high
01154,Waste Management,Garbage accumulation,data/raw/images/waste_management/garbage_accumulation/garbage_accumulation_013.jpg,Citizens are facing trouble due to garbage accumulation in front of the panchayat office. Please take action soon.,Urban,Low,Low,English,both_clear,high
01155,Waste Management,Garbage accumulation,data/raw/images/waste_management/garbage_accumulation/garbage_accumulation_014.jpg,"बस स्टॉप के पास की स्थिति बहुत खराब है, यह garbage accumulation से जुड़ी समस्या है।",Semi-Urban,High,High,Hindi,both_clear,high
01156,Waste Management,Overflowing garbage bin,data/raw/images/waste_management/overflowing_garbage_bin/overflowing_garbage_bin_000.jpg,"Sir/Madam, there is the garbage bin in front of the panchayat office is overflowing for almost a month. This needs to be fixed urgently.",Semi-Urban,High,High,English,clear_text_unclear_image,medium
01157,Waste Management,Overflowing garbage bin,data/raw/images/waste_management/overflowing_garbage_bin/overflowing_garbage_bin_001.jpg,I want to report the garbage bin in front of the panchayat office is overflowing for several days.,Rural,High,Medium,English,both_clear,high
01158,Waste Management,Overflowing garbage bin,data/raw/images/waste_management/overflowing_garbage_bin/overflowing_garbage_bin_002.jpg,"Yeh overflowing garbage bin wali problem school ke peeche kal raat se se hai, koi dekhne nahi aaya abhi tak.",Rural,Low,Low,Hinglish,both_clear,high
01159,Waste Management,Overflowing garbage bin,data/raw/images/waste_management/overflowing_garbage_bin/overflowing_garbage_bin_003.jpg,There is garbage has been piling up near the colony gate for the past three days. This is causing a lot of trouble to residents.,Urban,Medium,High,English,both_clear,high
01160,Waste Management,Overflowing garbage bin,data/raw/images/waste_management/overflowing_garbage_bin/overflowing_garbage_bin_004.jpg,"Something is wrong in our area, someone should look into it.",Urban,High,High,Hindi,vague_text_clear_image,medium
01161,Waste Management,Overflowing garbage bin,data/raw/images/waste_management/overflowing_garbage_bin/overflowing_garbage_bin_005.jpg,"Kindly note that there is the dustbin near the railway station road is full and waste is scattered around. This is causing a lot of trouble to residents, especially elderly people and children. We request the concerned department to inspect and resolve this at the earliest.",Rural,Medium,Medium,English,both_clear,high
01162,Waste Management,Overflowing garbage bin,data/raw/images/waste_management/overflowing_garbage_bin/overflowing_garbage_bin_006.jpg,"Sir/Madam, school ke peeche overflowing garbage bin ho raha hai, jaldi solve kijiye plz.",Semi-Urban,Low,Medium,Hinglish,complementary,high
01163,Waste Management,Overflowing garbage bin,data/raw/images/waste_management/overflowing_garbage_bin/overflowing_garbage_bin_007.jpg,There's garbage has been piling up outside our house since yesterday. Please take action soon.,Urban,High,Medium,English,both_clear,high
01164,Waste Management,Overflowing garbage bin,data/raw/images/waste_management/overflowing_garbage_bin/overflowing_garbage_bin_008.jpg,"colony gate ke paas overflowing garbage bin ki problem hai kal raat se, please jaldi fix karo.",Semi-Urban,Low,Low,Hinglish,complementary,high
01165,Waste Management,Overflowing garbage bin,data/raw/images/waste_management/overflowing_garbage_bin/overflowing_garbage_bin_009.jpg,There's the dustbin in front of the panchayat office is full and waste is scattered around.,Semi-Urban,High,High,English,both_clear,high
01166,Waste Management,Overflowing garbage bin,data/raw/images/waste_management/overflowing_garbage_bin/overflowing_garbage_bin_010.jpg,We have noticed the dustbin outside our house is full and waste is scattered around. This needs to be fixed urgently.,Urban,Medium,Medium,English,both_clear,high
01167,Waste Management,Overflowing garbage bin,data/raw/images/waste_management/overflowing_garbage_bin/overflowing_garbage_bin_011.jpg,Kindly send someone to check this place.,Urban,Low,Medium,Hinglish,vague_text_clear_image,medium
01168,Waste Management,Overflowing garbage bin,data/raw/images/waste_management/overflowing_garbage_bin/overflowing_garbage_bin_012.jpg,"Sir/Madam, main road ke kinare overflowing garbage bin ho raha hai, jaldi solve kijiye plz.",Urban,High,High,Hinglish,both_clear,high
01169,Waste Management,Overflowing garbage bin,data/raw/images/waste_management/overflowing_garbage_bin/overflowing_garbage_bin_013.jpg,"Sir/Madam, bus stop ke paas overflowing garbage bin ho raha hai, jaldi solve kijiye plz.",Rural,High,High,Hinglish,both_clear,high
01170,Waste Management,Overflowing garbage bin,data/raw/images/waste_management/overflowing_garbage_bin/overflowing_garbage_bin_014.jpg,I want to report the dustbin in front of the panchayat office is full and waste is scattered around. Many families in the area are affected by this. We request the concerned department to inspect and resolve this at the earliest.,Urban,Low,Medium,English,both_clear,high
01171,Waste Management,Illegal dumping,data/raw/images/waste_management/illegal_dumping/illegal_dumping_000.jpg,"Sir/Madam, gaon ke nazdeek illegal dumping ho raha hai, jaldi solve kijiye plz.",Urban,Medium,Medium,Hinglish,both_clear,high
01172,Waste Management,Illegal dumping,data/raw/images/waste_management/illegal_dumping/illegal_dumping_001.jpg,"There is some problem here, please check when possible.",Rural,Low,Low,Hindi,vague_text_clear_image,medium
01173,Waste Management,Illegal dumping,data/raw/images/waste_management/illegal_dumping/illegal_dumping_002.jpg,"Yeh illegal dumping wali problem panchayat office ke saamne pichhle teen din se se hai, koi dekhne nahi aaya abhi tak.",Rural,Low,Low,Hinglish,both_clear,high
01174,Waste Management,Illegal dumping,data/raw/images/waste_management/illegal_dumping/illegal_dumping_003.jpg,मुख्य सड़क के किनारे एक गंभीर समस्या है जिसकी वजह Illegal dumping है।,Rural,Low,Low,Hindi,both_clear,high
01175,Waste Management,Illegal dumping,data/raw/images/waste_management/illegal_dumping/illegal_dumping_004.jpg,"स्कूल के पीछे illegal dumping की समस्या है, कृपया जल्द ठीक करें।",Semi-Urban,Medium,Low,Hindi,both_clear,high
01176,Waste Management,Illegal dumping,data/raw/images/waste_management/illegal_dumping/illegal_dumping_005.jpg,"कॉलोनी के गेट के पास की स्थिति बहुत खराब है, यह illegal dumping से जुड़ी समस्या है।",Semi-Urban,Low,Low,Hindi,both_clear,high
01177,Waste Management,Illegal dumping,data/raw/images/waste_management/illegal_dumping/illegal_dumping_006.jpg,Just reporting that there is trucks are dumping garbage in front of the panchayat office at night. This needs to be fixed urgently.,Urban,Low,Medium,English,both_clear,high
01178,Waste Management,Illegal dumping,data/raw/images/waste_management/illegal_dumping/illegal_dumping_007.jpg,There's someone is illegally dumping waste near our street.,Urban,High,Medium,English,both_clear,high
01179,Waste Management,Illegal dumping,data/raw/images/waste_management/illegal_dumping/illegal_dumping_008.jpg,"Sir/Madam, bus stop ke paas illegal dumping ho raha hai, jaldi solve kijiye plz.",Rural,Low,Low,Hinglish,both_clear,high
01180,Waste Management,Illegal dumping,data/raw/images/waste_management/illegal_dumping/illegal_dumping_009.jpg,Kindly note that there is trucks are dumping garbage beside the main road at night. This needs to be fixed urgently.,Rural,Low,Low,English,both_clear,high
01182,Waste Management,Illegal dumping,data/raw/images/waste_management/illegal_dumping/illegal_dumping_011.jpg,"bazaar ke paas illegal dumping ki problem hai kal raat se, please jaldi fix karo.",Rural,Medium,Low,Hinglish,clear_text_unclear_image,medium
01183,Waste Management,Illegal dumping,data/raw/images/waste_management/illegal_dumping/illegal_dumping_012.jpg,"Something is wrong in our area, someone should look into it.",Rural,High,High,English,vague_text_clear_image,medium
01184,Waste Management,Illegal dumping,data/raw/images/waste_management/illegal_dumping/illegal_dumping_013.jpg,"We have noticed trucks are dumping garbage close to our village at night. This is causing a lot of trouble to residents, especially elderly people and children. We have complained before but no action has been taken.",Semi-Urban,Low,Medium,English,both_clear,high
01185,Waste Management,Illegal dumping,data/raw/images/waste_management/illegal_dumping/illegal_dumping_014.jpg,"Sir/Madam, main road ke kinare illegal dumping ho raha hai, jaldi solve kijiye plz.",Semi-Urban,Medium,Medium,Hinglish,clear_text_unclear_image,medium
01186,Waste Management,Plastic waste accumulation,data/raw/images/waste_management/plastic_waste_accumulation/plastic_waste_accumulation_000.jpg,"Yeh plastic waste accumulation wali problem bazaar ke paas pichhle teen din se se hai, koi dekhne nahi aaya abhi tak.",Urban,High,High,Hinglish,clear_text_unclear_image,medium
01187,Waste Management,Plastic waste accumulation,data/raw/images/waste_management/plastic_waste_accumulation/plastic_waste_accumulation_001.jpg,"बस स्टॉप के पास plastic waste accumulation की समस्या है, कृपया जल्द ठीक करें।",Rural,High,High,Hindi,both_clear,high
01188,Waste Management,Plastic waste accumulation,data/raw/images/waste_management/plastic_waste_accumulation/plastic_waste_accumulation_002.jpg,Kindly send someone to check this place.,Rural,High,High,Hinglish,vague_text_clear_image,medium
01189,Waste Management,Plastic waste accumulation,data/raw/images/waste_management/plastic_waste_accumulation/plastic_waste_accumulation_003.jpg,"There is some problem here, please check when possible.",Rural,High,High,Hindi,vague_text_clear_image,medium
01190,Waste Management,Plastic waste accumulation,data/raw/images/waste_management/plastic_waste_accumulation/plastic_waste_accumulation_004.jpg,स्कूल के पीछे एक गंभीर समस्या है जिसकी वजह Plastic waste accumulation है।,Semi-Urban,Low,Low,Hindi,both_clear,high
01191,Waste Management,Plastic waste accumulation,data/raw/images/waste_management/plastic_waste_accumulation/plastic_waste_accumulation_005.jpg,"कॉलोनी के गेट के पास plastic waste accumulation की समस्या है, कृपया जल्द ठीक करें।",Rural,High,High,Hindi,both_clear,high
01192,Waste Management,Plastic waste accumulation,data/raw/images/waste_management/plastic_waste_accumulation/plastic_waste_accumulation_006.jpg,"Sir/Madam, bus stop ke paas plastic waste accumulation ho raha hai, jaldi solve kijiye plz.",Semi-Urban,High,High,Hinglish,complementary,high
01194,Waste Management,Plastic waste accumulation,data/raw/images/waste_management/plastic_waste_accumulation/plastic_waste_accumulation_008.jpg,पंचायत भवन के सामने एक गंभीर समस्या है जिसकी वजह Plastic waste accumulation है।,Urban,Medium,Low,Hindi,both_clear,high
01195,Waste Management,Plastic waste accumulation,data/raw/images/waste_management/plastic_waste_accumulation/plastic_waste_accumulation_009.jpg,Citizens are facing trouble due to plastic waste accumulation near our street.,Semi-Urban,High,High,English,both_clear,high
01196,Waste Management,Plastic waste accumulation,data/raw/images/waste_management/plastic_waste_accumulation/plastic_waste_accumulation_010.jpg,हमारे गाँव के नज़दीक एक गंभीर समस्या है जिसकी वजह Plastic waste accumulation है।,Semi-Urban,Medium,Medium,Hindi,clear_text_unclear_image,medium
01197,Waste Management,Plastic waste accumulation,data/raw/images/waste_management/plastic_waste_accumulation/plastic_waste_accumulation_011.jpg,We are facing an issue of plastic waste accumulation at the crossing for the past three days.,Semi-Urban,Low,Low,English,both_clear,high
01198,Waste Management,Plastic waste accumulation,data/raw/images/waste_management/plastic_waste_accumulation/plastic_waste_accumulation_012.jpg,"bazaar ke paas plastic waste accumulation ki problem hai do hafte se, please jaldi fix karo.",Semi-Urban,Medium,Medium,Hinglish,both_clear,high
01200,Waste Management,Plastic waste accumulation,data/raw/images/waste_management/plastic_waste_accumulation/plastic_waste_accumulation_014.jpg,"हमें बस स्टॉप के पास plastic waste accumulation की दिक्कत हो रही है, कई दिनों से यह समस्या बनी हुई है।",Semi-Urban,Low,Low,Hindi,clear_text_unclear_image,medium
01201,Waste Management,Uncollected household waste,data/raw/images/waste_management/uncollected_household_waste/uncollected_household_waste_000.jpg,"Sir/Madam, colony gate ke paas uncollected household waste ho raha hai, jaldi solve kijiye plz.",Rural,High,High,Hinglish,both_clear,high
01202,Waste Management,Uncollected household waste,data/raw/images/waste_management/uncollected_household_waste/uncollected_household_waste_001.jpg,Kindly send someone to check this place.,Rural,High,Medium,English,vague_text_clear_image,medium
01203,Waste Management,Uncollected household waste,data/raw/images/waste_management/uncollected_household_waste/uncollected_household_waste_002.jpg,This has been an issue for a while now.,Rural,Medium,Medium,Hindi,vague_text_clear_image,medium
01204,Waste Management,Uncollected household waste,data/raw/images/waste_management/uncollected_household_waste/uncollected_household_waste_003.jpg,"Sir/Madam, school ke peeche uncollected household waste ho raha hai, jaldi solve kijiye plz.",Semi-Urban,Medium,Low,Hinglish,complementary,high
01207,Waste Management,Uncollected household waste,data/raw/images/waste_management/uncollected_household_waste/uncollected_household_waste_006.jpg,there is a problem related to uncollected household waste behind the school. many families in the area are affected by this. it would be great if someone could visit and check the situation.,Urban,Medium,High,English,both_clear,high
01208,Waste Management,Uncollected household waste,data/raw/images/waste_management/uncollected_household_waste/uncollected_household_waste_007.jpg,"मुख्य सड़क के किनारे uncollected household waste की समस्या है, कृपया जल्द ठीक करें।",Semi-Urban,Medium,Medium,Hindi,both_clear,high
01210,Waste Management,Uncollected household waste,data/raw/images/waste_management/uncollected_household_waste/uncollected_household_waste_009.jpg,"हमारे गाँव के नज़दीक uncollected household waste की समस्या है, कृपया जल्द ठीक करें।",Urban,Low,Medium,Hindi,both_clear,high
01211,Waste Management,Uncollected household waste,data/raw/images/waste_management/uncollected_household_waste/uncollected_household_waste_010.jpg,"We are facing an issue of uncollected household waste near the market for over a week. This is causing a lot of trouble to residents, especially elderly people and children. We have complained before but no action has been taken.",Urban,Medium,High,English,both_clear,high
01212,Waste Management,Uncollected household waste,data/raw/images/waste_management/uncollected_household_waste/uncollected_household_waste_011.jpg,"main road ke kinare uncollected household waste ki problem hai kal raat se, please jaldi fix karo.",Urban,Medium,Medium,Hinglish,both_clear,high
01213,Waste Management,Uncollected household waste,data/raw/images/waste_management/uncollected_household_waste/uncollected_household_waste_012.jpg,"पंचायत भवन के सामने की स्थिति बहुत खराब है, यह uncollected household waste से जुड़ी समस्या है।",Rural,High,High,Hindi,both_clear,high
01214,Waste Management,Uncollected household waste,data/raw/images/waste_management/uncollected_household_waste/uncollected_household_waste_013.jpg,"हमें स्कूल के पीछे uncollected household waste की दिक्कत हो रही है, कई दिनों से यह समस्या बनी हुई है।",Rural,High,Medium,Hindi,both_clear,high
01215,Waste Management,Uncollected household waste,data/raw/images/waste_management/uncollected_household_waste/uncollected_household_waste_014.jpg,We are facing an issue of uncollected household waste near the railway station road for almost a month.,Semi-Urban,Medium,High,English,both_clear,high
01216,Waste Management,Garbage on roadside,data/raw/images/waste_management/garbage_on_roadside/garbage_on_roadside_000.jpg,Citizens are facing trouble due to garbage on roadside close to our village. Nobody from the authorities has visited yet.,Rural,Low,Low,English,both_clear,high
01217,Waste Management,Garbage on roadside,data/raw/images/waste_management/garbage_on_roadside/garbage_on_roadside_001.jpg,"स्कूल के पीछे garbage on roadside की समस्या है, कृपया जल्द ठीक करें।",Semi-Urban,Low,Low,Hindi,both_clear,high
01218,Waste Management,Garbage on roadside,data/raw/images/waste_management/garbage_on_roadside/garbage_on_roadside_002.jpg,Garbage on roadside has been a problem behind the school since last night. This is causing a lot of trouble to residents.,Semi-Urban,High,High,English,both_clear,high
01219,Waste Management,Garbage on roadside,data/raw/images/waste_management/garbage_on_roadside/garbage_on_roadside_003.jpg,Garbage on roadside has been a problem beside the main road for over a week. Children and elderly people use this path daily.,Urban,High,High,English,complementary,high
01220,Waste Management,Garbage on roadside,data/raw/images/waste_management/garbage_on_roadside/garbage_on_roadside_004.jpg,"bazaar ke paas garbage on roadside ki problem hai do hafte se, please jaldi fix karo.",Urban,Medium,Medium,Hinglish,clear_text_unclear_image,medium
01221,Waste Management,Garbage on roadside,data/raw/images/waste_management/garbage_on_roadside/garbage_on_roadside_005.jpg,"main road ke kinare garbage on roadside ki problem hai kal raat se, please jaldi fix karo.",Urban,Medium,Low,Hinglish,both_clear,high
01222,Waste Management,Garbage on roadside,data/raw/images/waste_management/garbage_on_roadside/garbage_on_roadside_006.jpg,"school ke peeche garbage on roadside ki problem hai ek hafte se, please jaldi fix karo.",Semi-Urban,High,High,Hinglish,both_clear,high
01223,Waste Management,Garbage on roadside,data/raw/images/waste_management/garbage_on_roadside/garbage_on_roadside_007.jpg,"We are facing an issue of garbage on roadside near the railway station road for over a week. This is causing a lot of trouble to residents, especially elderly people and children. We request the concerned department to inspect and resolve this at the earliest.",Urban,Medium,Medium,English,both_clear,high
01224,Waste Management,Garbage on roadside,data/raw/images/waste_management/garbage_on_roadside/garbage_on_roadside_008.jpg,Garbage on roadside has been a problem near the colony gate for over a week. This is causing a lot of trouble to residents. Please fix it soon.,Urban,Medium,Low,English,both_clear,high
01225,Waste Management,Garbage on roadside,data/raw/images/waste_management/garbage_on_roadside/garbage_on_roadside_009.jpg,Citizens are facing trouble due to garbage on roadside near the railway station road. Many families in the area are affected by this. We request the concerned department to inspect and resolve this at the earliest.,Semi-Urban,Medium,Low,English,both_clear,high
01226,Waste Management,Garbage on roadside,data/raw/images/waste_management/garbage_on_roadside/garbage_on_roadside_010.jpg,Kindly send someone to check this place.,Rural,Low,Medium,Hinglish,vague_text_clear_image,medium
01227,Waste Management,Garbage on roadside,data/raw/images/waste_management/garbage_on_roadside/garbage_on_roadside_011.jpg,Garbage on roadside has been a problem near the colony gate for almost a month. Many families in the area are affected by this. It would be great if someone could visit and check the situation.,Semi-Urban,Medium,High,English,both_clear,high
01228,Waste Management,Garbage on roadside,data/raw/images/waste_management/garbage_on_roadside/garbage_on_roadside_012.jpg,"पंचायत भवन के सामने की स्थिति बहुत खराब है, यह garbage on roadside से जुड़ी समस्या है।",Semi-Urban,Medium,Medium,Hindi,both_clear,high
01229,Waste Management,Garbage on roadside,data/raw/images/waste_management/garbage_on_roadside/garbage_on_roadside_013.jpg,We are facing an issue of garbage on roadside beside the main road for several days. This is right next to the main road.,Semi-Urban,High,Medium,English,complementary,high
01230,Waste Management,Garbage on roadside,data/raw/images/waste_management/garbage_on_roadside/garbage_on_roadside_014.jpg,मुख्य सड़क के किनारे एक गंभीर समस्या है जिसकी वजह Garbage on roadside है।,Semi-Urban,Low,Medium,Hindi,complementary,high
01231,Waste Management,Waste near water body,data/raw/images/waste_management/waste_near_water_body/waste_near_water_body_000.jpg,"Hamare area mein waste near water body ki dikkat hai, bazaar ke paas.",Urban,High,Medium,Hinglish,both_clear,high
01232,Waste Management,Waste near water body,data/raw/images/waste_management/waste_near_water_body/waste_near_water_body_001.jpg,Citizens are facing trouble due to waste near water body outside our house. This needs to be fixed urgently.,Semi-Urban,Medium,Medium,English,clear_text_unclear_image,medium
01233,Waste Management,Waste near water body,data/raw/images/waste_management/waste_near_water_body/waste_near_water_body_002.jpg,There is a problem related to waste near water body outside our house. Many families in the area are affected by this. It would be great if someone could visit and check the situation.,Rural,High,High,English,clear_text_unclear_image,medium
01234,Waste Management,Waste near water body,data/raw/images/waste_management/waste_near_water_body/waste_near_water_body_003.jpg,"Hamare area mein waste near water body ki dikkat hai, panchayat office ke saamne.",Semi-Urban,High,High,Hinglish,clear_text_unclear_image,medium
01235,Waste Management,Waste near water body,data/raw/images/waste_management/waste_near_water_body/waste_near_water_body_004.jpg,"bazaar ke paas waste near water body ki problem hai ek hafte se, please jaldi fix karo.",Rural,Low,Low,Hinglish,clear_text_unclear_image,medium
01236,Waste Management,Waste near water body,data/raw/images/waste_management/waste_near_water_body/waste_near_water_body_005.jpg,There is a problem related to waste near water body near the railway station road.,Rural,High,High,English,both_clear,high
01238,Waste Management,Waste near water body,data/raw/images/waste_management/waste_near_water_body/waste_near_water_body_007.jpg,Citizens are facing trouble due to waste near water body outside our house. This is causing a lot of trouble to residents.,Rural,Low,Low,English,both_clear,high
01239,Waste Management,Waste near water body,data/raw/images/waste_management/waste_near_water_body/waste_near_water_body_008.jpg,"Sir/Madam, bazaar ke paas waste near water body ho raha hai, jaldi solve kijiye plz.",Urban,Low,Low,Hinglish,clear_text_unclear_image,medium
01240,Waste Management,Waste near water body,data/raw/images/waste_management/waste_near_water_body/waste_near_water_body_009.jpg,Kindly send someone to check this place.,Rural,High,High,English,vague_text_clear_image,medium
01241,Waste Management,Waste near water body,data/raw/images/waste_management/waste_near_water_body/waste_near_water_body_010.jpg,Waste near water body has been a problem at the crossing since last night. This needs to be fixed urgently.,Semi-Urban,Medium,Medium,English,clear_text_unclear_image,medium
01242,Waste Management,Waste near water body,data/raw/images/waste_management/waste_near_water_body/waste_near_water_body_011.jpg,"बाजार के पास waste near water body की समस्या है, कृपया जल्द ठीक करें।",Rural,Medium,Medium,Hindi,clear_text_unclear_image,medium
01243,Waste Management,Waste near water body,data/raw/images/waste_management/waste_near_water_body/waste_near_water_body_012.jpg,We are facing an issue of waste near water body near the market for two weeks now. This is right next to the market.,Semi-Urban,Low,Low,English,complementary,high
01244,Waste Management,Waste near water body,data/raw/images/waste_management/waste_near_water_body/waste_near_water_body_013.jpg,"There is some problem here, please check when possible.",Semi-Urban,High,Medium,Hinglish,vague_text_clear_image,medium
01245,Waste Management,Waste near water body,data/raw/images/waste_management/waste_near_water_body/waste_near_water_body_014.jpg,Citizens are facing trouble due to waste near water body near the market. This is causing a lot of trouble to residents.,Urban,High,Medium,English,both_clear,high
01246,Waste Management,Open waste disposal,data/raw/images/waste_management/open_waste_disposal/open_waste_disposal_000.jpg,There is a problem related to open waste disposal outside our house.,Semi-Urban,Low,Low,English,clear_text_unclear_image,medium
01247,Waste Management,Open waste disposal,data/raw/images/waste_management/open_waste_disposal/open_waste_disposal_001.jpg,पंचायत भवन के सामने एक गंभीर समस्या है जिसकी वजह Open waste disposal है।,Semi-Urban,Low,Low,Hindi,both_clear,high
01248,Waste Management,Open waste disposal,data/raw/images/waste_management/open_waste_disposal/open_waste_disposal_002.jpg,There is a problem related to open waste disposal near our street. Many families in the area are affected by this. It would be great if someone could visit and check the situation.,Urban,High,Medium,English,both_clear,high
01249,Waste Management,Open waste disposal,data/raw/images/waste_management/open_waste_disposal/open_waste_disposal_003.jpg,We are facing an issue of open waste disposal at the crossing since yesterday. Nobody from the authorities has visited yet.,Semi-Urban,Low,Low,English,both_clear,high
01250,Waste Management,Open waste disposal,data/raw/images/waste_management/open_waste_disposal/open_waste_disposal_004.jpg,"हमारी गली के पास open waste disposal की समस्या है, कृपया जल्द ठीक करें।",Semi-Urban,Medium,Medium,Hindi,complementary,high
01251,Waste Management,Open waste disposal,data/raw/images/waste_management/open_waste_disposal/open_waste_disposal_005.jpg,कॉलोनी के गेट के पास एक गंभीर समस्या है जिसकी वजह Open waste disposal है।,Rural,Medium,Medium,Hindi,both_clear,high
01252,Waste Management,Open waste disposal,data/raw/images/waste_management/open_waste_disposal/open_waste_disposal_006.jpg,"बस स्टॉप के पास की स्थिति बहुत खराब है, यह open waste disposal से जुड़ी समस्या है।",Semi-Urban,High,High,Hindi,both_clear,high
01253,Waste Management,Open waste disposal,data/raw/images/waste_management/open_waste_disposal/open_waste_disposal_007.jpg,There is a problem related to open waste disposal near the market. Nobody from the authorities has visited yet.,Urban,Medium,Low,English,clear_text_unclear_image,medium
01254,Waste Management,Open waste disposal,data/raw/images/waste_management/open_waste_disposal/open_waste_disposal_008.jpg,"gaon ke nazdeek open waste disposal ki problem hai ek mahine se, please jaldi fix karo.",Urban,Low,Low,Hinglish,both_clear,high
01255,Waste Management,Open waste disposal,data/raw/images/waste_management/open_waste_disposal/open_waste_disposal_009.jpg,"कॉलोनी के गेट के पास की स्थिति बहुत खराब है, यह open waste disposal से जुड़ी समस्या है।",Urban,Low,Low,Hindi,complementary,high
01256,Waste Management,Open waste disposal,data/raw/images/waste_management/open_waste_disposal/open_waste_disposal_010.jpg,There is a problem related to open waste disposal at the crossing. Please take action soon.,Rural,High,High,English,both_clear,high
01257,Waste Management,Open waste disposal,data/raw/images/waste_management/open_waste_disposal/open_waste_disposal_011.jpg,We are facing an issue of open waste disposal beside the main road for over a week. Many families in the area are affected by this. We request the concerned department to inspect and resolve this at the earliest.,Urban,Medium,Medium,English,both_clear,high
01258,Waste Management,Open waste disposal,data/raw/images/waste_management/open_waste_disposal/open_waste_disposal_012.jpg,We are facing an issue of open waste disposal near the railway station road for the past three days. Nobody from the authorities has visited yet.,Rural,Low,Medium,English,both_clear,high
01259,Waste Management,Open waste disposal,data/raw/images/waste_management/open_waste_disposal/open_waste_disposal_013.jpg,Kindly send someone to check this place.,Rural,High,High,English,vague_text_clear_image,medium
01260,Waste Management,Open waste disposal,data/raw/images/waste_management/open_waste_disposal/open_waste_disposal_014.jpg,"Yeh open waste disposal wali problem gaon ke nazdeek ek mahine se se hai, koi dekhne nahi aaya abhi tak.",Semi-Urban,Low,Low,Hinglish,both_clear,high
01261,Unknown/Other,"Normal road, no visible problem",data/raw/images/unknown_other/unknown_0_000.jpg,"Sharing a photo from our village, all good here.",Urban,Low,Low,English,both_clear,high
01263,Unknown/Other,"Normal road, no visible problem",data/raw/images/unknown_other/unknown_0_002.jpg,"This is just a regular water tap, working fine.",Rural,Low,Low,English,both_clear,high
01264,Unknown/Other,"Normal road, no visible problem",data/raw/images/unknown_other/unknown_0_003.jpg,"This is our house, nothing wrong to report.",Urban,Low,Low,English,both_clear,high
01267,Unknown/Other,"Normal road, no visible problem",data/raw/images/unknown_other/unknown_0_006.jpg,"The field looks healthy this season, no issues.",Rural,Low,Low,English,both_clear,high
01268,Unknown/Other,"Normal road, no visible problem",data/raw/images/unknown_other/unknown_0_007.jpg,"Uploading a photo of my bike, not a complaint.",Semi-Urban,Low,Low,English,both_clear,high
01269,Unknown/Other,"Normal road, no visible problem",data/raw/images/unknown_other/unknown_0_008.jpg,"The classroom looks normal today, no problem to report.",Rural,Low,Low,English,both_clear,high
01270,Unknown/Other,"Normal road, no visible problem",data/raw/images/unknown_other/unknown_0_009.jpg,"Just sharing a picture of our street, everything looks fine here.",Rural,Low,Low,English,both_clear,high
01276,Unknown/Other,Normal residential house,data/raw/images/unknown_other/unknown_1_000.jpg,"Sharing a photo from our village, all good here.",Semi-Urban,Low,Low,English,both_clear,high
01277,Unknown/Other,Normal residential house,data/raw/images/unknown_other/unknown_1_001.jpg,"This is our house, nothing wrong to report.",Semi-Urban,Low,Low,English,both_clear,high
01281,Unknown/Other,Normal residential house,data/raw/images/unknown_other/unknown_1_005.jpg,"The classroom looks normal today, no problem to report.",Rural,Low,Low,English,both_clear,high
01283,Unknown/Other,Normal residential house,data/raw/images/unknown_other/unknown_1_007.jpg,"Uploading a photo of my bike, not a complaint.",Semi-Urban,Low,Low,English,both_clear,high
01284,Unknown/Other,Normal residential house,data/raw/images/unknown_other/unknown_1_008.jpg,"No complaint, just checking how the app works.",Rural,Low,Low,English,both_clear,high
01287,Unknown/Other,Normal residential house,data/raw/images/unknown_other/unknown_1_011.jpg,"Just sharing a picture of our street, everything looks fine here.",Semi-Urban,Low,Low,English,both_clear,high
01291,Unknown/Other,"Healthy tree, no environmental issue",data/raw/images/unknown_other/unknown_2_000.jpg,"No complaint, just checking how the app works.",Rural,Low,Low,English,both_clear,high
01292,Unknown/Other,"Healthy tree, no environmental issue",data/raw/images/unknown_other/unknown_2_001.jpg,"This is our house, nothing wrong to report.",Rural,Low,Low,English,both_clear,high
01293,Unknown/Other,"Healthy tree, no environmental issue",data/raw/images/unknown_other/unknown_2_002.jpg,"The field looks healthy this season, no issues.",Rural,Low,Low,English,both_clear,high
01294,Unknown/Other,"Healthy tree, no environmental issue",data/raw/images/unknown_other/unknown_2_003.jpg,"The classroom looks normal today, no problem to report.",Urban,Low,Low,English,both_clear,high
01295,Unknown/Other,"Healthy tree, no environmental issue",data/raw/images/unknown_other/unknown_2_004.jpg,"Uploading a photo of my bike, not a complaint.",Rural,Low,Low,English,both_clear,high
01300,Unknown/Other,"Healthy tree, no environmental issue",data/raw/images/unknown_other/unknown_2_009.jpg,"Sharing a photo from our village, all good here.",Rural,Low,Low,English,both_clear,high
01301,Unknown/Other,"Healthy tree, no environmental issue",data/raw/images/unknown_other/unknown_2_010.jpg,"Just sharing a picture of our street, everything looks fine here.",Rural,Low,Low,English,both_clear,high
01306,Unknown/Other,Ordinary parked vehicle,data/raw/images/unknown_other/unknown_3_000.jpg,"No complaint, just checking how the app works.",Semi-Urban,Low,Low,English,both_clear,high
01307,Unknown/Other,Ordinary parked vehicle,data/raw/images/unknown_other/unknown_3_001.jpg,"Uploading a photo of my bike, not a complaint.",Semi-Urban,Low,Low,English,both_clear,high
01310,Unknown/Other,Ordinary parked vehicle,data/raw/images/unknown_other/unknown_3_004.jpg,"Just sharing a picture of our street, everything looks fine here.",Rural,Low,Low,English,both_clear,high
01311,Unknown/Other,Ordinary parked vehicle,data/raw/images/unknown_other/unknown_3_005.jpg,"The field looks healthy this season, no issues.",Urban,Low,Low,English,both_clear,high
01312,Unknown/Other,Ordinary parked vehicle,data/raw/images/unknown_other/unknown_3_006.jpg,"The classroom looks normal today, no problem to report.",Rural,Low,Low,English,both_clear,high
01313,Unknown/Other,Ordinary parked vehicle,data/raw/images/unknown_other/unknown_3_007.jpg,"This is just a regular water tap, working fine.",Rural,Low,Low,English,both_clear,high
01314,Unknown/Other,Ordinary parked vehicle,data/raw/images/unknown_other/unknown_3_008.jpg,"This is our house, nothing wrong to report.",Urban,Low,Low,English,both_clear,high
01315,Unknown/Other,Ordinary parked vehicle,data/raw/images/unknown_other/unknown_3_009.jpg,"Sharing a photo from our village, all good here.",Rural,Low,Low,English,both_clear,high
01321,Unknown/Other,Normal functioning classroom,data/raw/images/unknown_other/unknown_4_000.jpg,"This is our house, nothing wrong to report.",Rural,Low,Low,English,both_clear,high
01322,Unknown/Other,Normal functioning classroom,data/raw/images/unknown_other/unknown_4_001.jpg,"Just sharing a picture of our street, everything looks fine here.",Urban,Low,Low,English,both_clear,high
01323,Unknown/Other,Normal functioning classroom,data/raw/images/unknown_other/unknown_4_002.jpg,"Uploading a photo of my bike, not a complaint.",Urban,Low,Low,English,both_clear,high
01324,Unknown/Other,Normal functioning classroom,data/raw/images/unknown_other/unknown_4_003.jpg,"Sharing a photo from our village, all good here.",Semi-Urban,Low,Low,English,both_clear,high
01325,Unknown/Other,Normal functioning classroom,data/raw/images/unknown_other/unknown_4_004.jpg,"The field looks healthy this season, no issues.",Rural,Low,Low,English,both_clear,high
01328,Unknown/Other,Normal functioning classroom,data/raw/images/unknown_other/unknown_4_007.jpg,"The classroom looks normal today, no problem to report.",Semi-Urban,Low,Low,English,both_clear,high
01331,Unknown/Other,Normal functioning classroom,data/raw/images/unknown_other/unknown_4_010.jpg,"No complaint, just checking how the app works.",Rural,Low,Low,English,both_clear,high
01334,Unknown/Other,Normal functioning classroom,data/raw/images/unknown_other/unknown_4_013.jpg,"This is just a regular water tap, working fine.",Urban,Low,Low,English,both_clear,high
01336,Unknown/Other,Ordinary agricultural field,data/raw/images/unknown_other/unknown_5_000.jpg,"This is our house, nothing wrong to report.",Semi-Urban,Low,Low,English,both_clear,high
01337,Unknown/Other,Ordinary agricultural field,data/raw/images/unknown_other/unknown_5_001.jpg,"The classroom looks normal today, no problem to report.",Urban,Low,Low,English,both_clear,high
01338,Unknown/Other,Ordinary agricultural field,data/raw/images/unknown_other/unknown_5_002.jpg,"Sharing a photo from our village, all good here.",Semi-Urban,Low,Low,English,both_clear,high
01339,Unknown/Other,Ordinary agricultural field,data/raw/images/unknown_other/unknown_5_003.jpg,"No complaint, just checking how the app works.",Rural,Low,Low,English,both_clear,high
01341,Unknown/Other,Ordinary agricultural field,data/raw/images/unknown_other/unknown_5_005.jpg,"Just sharing a picture of our street, everything looks fine here.",Semi-Urban,Low,Low,English,both_clear,high
01344,Unknown/Other,Ordinary agricultural field,data/raw/images/unknown_other/unknown_5_008.jpg,"Uploading a photo of my bike, not a complaint.",Semi-Urban,Low,Low,English,both_clear,high
01345,Unknown/Other,Ordinary agricultural field,data/raw/images/unknown_other/unknown_5_009.jpg,"The field looks healthy this season, no issues.",Rural,Low,Low,English,both_clear,high
01351,Unknown/Other,Clean functioning water source,data/raw/images/unknown_other/unknown_6_000.jpg,"No complaint, just checking how the app works.",Urban,Low,Low,English,both_clear,high
01352,Unknown/Other,Clean functioning water source,data/raw/images/unknown_other/unknown_6_001.jpg,"The classroom looks normal today, no problem to report.",Urban,Low,Low,English,both_clear,high
01353,Unknown/Other,Clean functioning water source,data/raw/images/unknown_other/unknown_6_002.jpg,"This is just a regular water tap, working fine.",Urban,Low,Low,English,both_clear,high
01354,Unknown/Other,Clean functioning water source,data/raw/images/unknown_other/unknown_6_003.jpg,"This is our house, nothing wrong to report.",Urban,Low,Low,English,both_clear,high
01358,Unknown/Other,Clean functioning water source,data/raw/images/unknown_other/unknown_6_007.jpg,"The field looks healthy this season, no issues.",Semi-Urban,Low,Low,English,both_clear,high
01360,Unknown/Other,Clean functioning water source,data/raw/images/unknown_other/unknown_6_009.jpg,"Uploading a photo of my bike, not a complaint.",Urban,Low,Low,English,both_clear,high
01365,Unknown/Other,Clean functioning water source,data/raw/images/unknown_other/unknown_6_014.jpg,"Sharing a photo from our village, all good here.",Rural,Low,Low,English,both_clear,high
01366,Unknown/Other,Normal government building exterior,data/raw/images/unknown_other/unknown_7_000.jpg,"No complaint, just checking how the app works.",Urban,Low,Low,English,both_clear,high
01367,Unknown/Other,Normal government building exterior,data/raw/images/unknown_other/unknown_7_001.jpg,"The classroom looks normal today, no problem to report.",Urban,Low,Low,English,both_clear,high
01368,Unknown/Other,Normal government building exterior,data/raw/images/unknown_other/unknown_7_002.jpg,"Just sharing a picture of our street, everything looks fine here.",Urban,Low,Low,English,both_clear,high
01369,Unknown/Other,Normal government building exterior,data/raw/images/unknown_other/unknown_7_003.jpg,"The field looks healthy this season, no issues.",Rural,Low,Low,English,both_clear,high
01370,Unknown/Other,Normal government building exterior,data/raw/images/unknown_other/unknown_7_004.jpg,"Uploading a photo of my bike, not a complaint.",Urban,Low,Low,English,both_clear,high
01375,Unknown/Other,Normal government building exterior,data/raw/images/unknown_other/unknown_7_009.jpg,"This is our house, nothing wrong to report.",Semi-Urban,Low,Low,English,both_clear,high
01377,Unknown/Other,Normal government building exterior,data/raw/images/unknown_other/unknown_7_011.jpg,"Sharing a photo from our village, all good here.",Semi-Urban,Low,Low,English,both_clear,high
01381,Unknown/Other,Everyday household object,data/raw/images/unknown_other/unknown_8_000.jpg,"Sharing a photo from our village, all good here.",Urban,Low,Low,English,both_clear,high
01382,Unknown/Other,Everyday household object,data/raw/images/unknown_other/unknown_8_001.jpg,"The classroom looks normal today, no problem to report.",Rural,Low,Low,English,both_clear,high
01383,Unknown/Other,Everyday household object,data/raw/images/unknown_other/unknown_8_002.jpg,"This is just a regular water tap, working fine.",Urban,Low,Low,English,both_clear,high
01385,Unknown/Other,Everyday household object,data/raw/images/unknown_other/unknown_8_004.jpg,"This is our house, nothing wrong to report.",Urban,Low,Low,English,both_clear,high
01387,Unknown/Other,Everyday household object,data/raw/images/unknown_other/unknown_8_006.jpg,"No complaint, just checking how the app works.",Rural,Low,Low,English,both_clear,high
01389,Unknown/Other,Everyday household object,data/raw/images/unknown_other/unknown_8_008.jpg,"Uploading a photo of my bike, not a complaint.",Semi-Urban,Low,Low,English,both_clear,high
01393,Unknown/Other,Everyday household object,data/raw/images/unknown_other/unknown_8_012.jpg,"The field looks healthy this season, no issues.",Semi-Urban,Low,Low,English,both_clear,high
01396,Unknown/Other,Normal street scene,data/raw/images/unknown_other/unknown_9_000.jpg,"The classroom looks normal today, no problem to report.",Urban,Low,Low,English,both_clear,high
01397,Unknown/Other,Normal street scene,data/raw/images/unknown_other/unknown_9_001.jpg,"No complaint, just checking how the app works.",Semi-Urban,Low,Low,English,both_clear,high
01399,Unknown/Other,Normal street scene,data/raw/images/unknown_other/unknown_9_003.jpg,"Uploading a photo of my bike, not a complaint.",Urban,Low,Low,English,both_clear,high
01400,Unknown/Other,Normal street scene,data/raw/images/unknown_other/unknown_9_004.jpg,"The field looks healthy this season, no issues.",Semi-Urban,Low,Low,English,both_clear,high
01404,Unknown/Other,Normal street scene,data/raw/images/unknown_other/unknown_9_008.jpg,"This is our house, nothing wrong to report.",Rural,Low,Low,English,both_clear,high
01408,Unknown/Other,Normal street scene,data/raw/images/unknown_other/unknown_9_012.jpg,"Just sharing a picture of our street, everything looks fine here.",Semi-Urban,Low,Low,English,both_clear,high
01409,Unknown/Other,Normal street scene,data/raw/images/unknown_other/unknown_9_013.jpg,"This is just a regular water tap, working fine.",Semi-Urban,Low,Low,English,both_clear,high
